Median_Household_Income,Population_Below_Poverty,High_School_Diploma_25plus,Bachelors_Degree_25plus,Unemployment,Median_Housing_Value,Median_Gross_Rent,Renter_Occupied_Housing_Units,Total_Population,Median_Age,Per_Capita_Income,Families_Below_Poverty,State,County,Tract,Block Group
35189.0,,251.0,22.0,100.0,222200.0,1179.0,287.0,1797.0,23.9,9041.0,209.0,06,071,001600,5
30625.0,,246.0,0.0,21.0,64200.0,582.0,85.0,966.0,33.1,12878.0,44.0,06,071,001600,3
32885.0,,214.0,98.0,108.0,269600.0,1129.0,412.0,2325.0,30.7,11180.0,137.0,06,071,000301,2
32489.0,,387.0,28.0,122.0,-666666666.0,997.0,455.0,1958.0,28.5,10733.0,122.0,06,071,000301,3
40192.0,,279.0,85.0,191.0,61800.0,1036.0,587.0,2881.0,28.4,12652.0,201.0,06,071,000301,4
60769.0,,321.0,6.0,109.0,175300.0,1277.0,87.0,2122.0,26.4,13631.0,38.0,06,071,002502,2
65134.0,,345.0,33.0,227.0,204100.0,1609.0,86.0,2478.0,23.2,11943.0,40.0,06,071,002502,1
48000.0,,130.0,15.0,164.0,89800.0,1176.0,221.0,1605.0,25.6,11280.0,91.0,06,071,004201,1
50408.0,,165.0,65.0,167.0,180400.0,1316.0,167.0,1956.0,25.2,13435.0,120.0,06,071,004201,4
28229.0,,262.0,6.0,16.0,78000.0,-666666666.0,30.0,814.0,58.0,17571.0,49.0,06,071,010423,3
96813.0,,221.0,352.0,107.0,558600.0,1763.0,214.0,2301.0,36.8,34335.0,0.0,06,071,000105,3
118750.0,,90.0,321.0,23.0,612900.0,-666666666.0,22.0,1593.0,31.6,71017.0,6.0,06,071,000105,1
75536.0,,389.0,463.0,245.0,426200.0,1819.0,196.0,3064.0,39.0,28388.0,27.0,06,071,000107,1
55000.0,,175.0,63.0,79.0,244400.0,1577.0,66.0,1326.0,34.8,18715.0,8.0,06,071,000201,3
97067.0,,337.0,281.0,45.0,301600.0,-666666666.0,32.0,2333.0,33.7,32664.0,0.0,06,071,004503,1
47404.0,,284.0,82.0,205.0,123300.0,1049.0,126.0,2197.0,23.3,11606.0,104.0,06,071,003900,2
38227.0,,264.0,91.0,78.0,93300.0,783.0,84.0,1993.0,37.0,16878.0,87.0,06,071,003900,1
13667.0,,106.0,0.0,118.0,-666666666.0,719.0,245.0,1047.0,17.0,5543.0,176.0,06,071,005600,2
23798.0,,110.0,20.0,221.0,75800.0,901.0,167.0,1218.0,25.7,8290.0,86.0,06,071,005600,3
16795.0,,127.0,11.0,134.0,95000.0,926.0,434.0,1798.0,26.6,8677.0,225.0,06,071,005600,4
27430.0,,365.0,63.0,146.0,79100.0,981.0,582.0,2579.0,24.5,11682.0,266.0,06,071,007107,1
32745.0,,403.0,93.0,168.0,88100.0,884.0,905.0,2243.0,27.8,18637.0,80.0,06,071,007108,1
52228.0,,203.0,32.0,54.0,171700.0,1368.0,92.0,1563.0,33.1,15142.0,44.0,06,071,007408,1
20250.0,,270.0,0.0,160.0,36900.0,833.0,622.0,2349.0,26.0,9657.0,311.0,06,071,007408,2
36773.0,,259.0,44.0,119.0,41200.0,1165.0,160.0,1227.0,40.4,17909.0,78.0,06,071,000303,2
42917.0,,445.0,15.0,53.0,160200.0,1196.0,282.0,2535.0,23.2,10129.0,106.0,06,071,000303,1
52143.0,,198.0,161.0,173.0,228700.0,1608.0,105.0,1849.0,28.2,14728.0,23.0,06,071,000303,4
64583.0,,71.0,107.0,30.0,364700.0,1128.0,59.0,772.0,26.7,35519.0,0.0,06,071,000812,2
105921.0,,260.0,278.0,48.0,503700.0,1775.0,87.0,1614.0,41.2,37926.0,12.0,06,071,000115,1
56534.0,,337.0,125.0,243.0,228700.0,1442.0,184.0,2052.0,32.6,16233.0,53.0,06,071,000113,3
54855.0,,263.0,148.0,399.0,261100.0,1799.0,207.0,3177.0,25.0,16203.0,93.0,06,071,000113,5
50000.0,,207.0,70.0,122.0,157400.0,939.0,72.0,1755.0,31.7,19453.0,28.0,06,071,006601,1
20291.0,,392.0,56.0,292.0,52700.0,810.0,522.0,2390.0,29.0,10151.0,252.0,06,071,006203,2
30444.0,,196.0,174.0,236.0,128500.0,997.0,355.0,1930.0,28.1,10260.0,202.0,06,071,006203,1
22065.0,,341.0,28.0,277.0,167200.0,787.0,542.0,2456.0,24.0,9308.0,317.0,06,071,006204,2
28167.0,,147.0,46.0,137.0,159300.0,873.0,594.0,1858.0,30.2,13556.0,101.0,06,071,006204,1
135865.0,,92.0,341.0,64.0,430300.0,-666666666.0,14.0,1440.0,39.6,35478.0,16.0,06,071,002031,3
101758.0,,368.0,402.0,170.0,274600.0,2001.0,190.0,2522.0,41.4,40975.0,0.0,06,071,002035,2
64972.0,,451.0,183.0,160.0,349700.0,1688.0,285.0,2388.0,36.1,28003.0,0.0,06,071,002025,2
122610.0,,188.0,390.0,79.0,369700.0,-666666666.0,18.0,1656.0,35.8,36145.0,0.0,06,071,002029,4
77250.0,,475.0,369.0,144.0,364000.0,1701.0,148.0,2127.0,37.4,25286.0,41.0,06,071,002029,1
53221.0,,218.0,68.0,140.0,168000.0,-666666666.0,82.0,1717.0,26.2,16971.0,58.0,06,071,003605,1
45662.0,,102.0,40.0,0.0,-666666666.0,1003.0,198.0,967.0,22.5,13872.0,58.0,06,071,003404,3
49722.0,,313.0,94.0,122.0,232000.0,881.0,313.0,1834.0,35.2,26308.0,62.0,06,071,008601,4
109271.0,,184.0,586.0,205.0,375200.0,2001.0,71.0,2867.0,40.1,34570.0,36.0,06,071,002018,1
87159.0,,248.0,203.0,161.0,358600.0,922.0,122.0,2472.0,38.4,31607.0,60.0,06,071,002018,2
34342.0,,399.0,166.0,221.0,80400.0,978.0,775.0,2082.0,52.0,23215.0,144.0,06,071,002023,1
61125.0,,321.0,496.0,46.0,264400.0,1676.0,729.0,3224.0,31.9,30442.0,45.0,06,071,002023,2
93324.0,,524.0,699.0,186.0,412100.0,1515.0,350.0,5153.0,36.4,34277.0,0.0,06,071,002033,1
95476.0,,238.0,229.0,255.0,271700.0,1677.0,221.0,2930.0,27.9,27292.0,14.0,06,071,002033,2
102344.0,,579.0,1000.0,511.0,394400.0,1413.0,533.0,7261.0,34.2,34762.0,99.0,06,071,002034,1
79193.0,,739.0,1031.0,309.0,422100.0,1669.0,1235.0,7383.0,33.0,32817.0,32.0,06,071,002034,2
37381.0,,96.0,71.0,72.0,-666666666.0,1392.0,192.0,551.0,30.3,17251.0,0.0,06,071,001905,3
84375.0,,291.0,339.0,104.0,310200.0,-666666666.0,133.0,2136.0,31.3,35710.0,32.0,06,071,001905,1
86250.0,,208.0,87.0,91.0,444700.0,-666666666.0,81.0,1277.0,32.9,24743.0,0.0,06,071,001905,2
93875.0,,102.0,334.0,121.0,338500.0,2001.0,108.0,2439.0,33.5,28541.0,0.0,06,071,001905,4
95396.0,,204.0,86.0,92.0,280400.0,-666666666.0,30.0,1244.0,29.9,24404.0,21.0,06,071,001809,3
60779.0,,588.0,121.0,226.0,207100.0,1383.0,117.0,2916.0,33.8,16853.0,54.0,06,071,006603,2
38788.0,,430.0,45.0,187.0,162000.0,912.0,125.0,2661.0,26.3,12347.0,185.0,06,071,006603,1
34063.0,,191.0,47.0,93.0,146000.0,533.0,189.0,1153.0,25.8,17428.0,100.0,06,071,006604,2
70865.0,,237.0,45.0,87.0,165100.0,1784.0,97.0,1609.0,39.2,18209.0,0.0,06,071,003801,2
48846.0,,278.0,135.0,141.0,221300.0,1146.0,223.0,1576.0,35.1,17655.0,26.0,06,071,003801,3
59148.0,,427.0,128.0,116.0,294800.0,867.0,137.0,2382.0,34.8,18967.0,85.0,06,071,000203,1
57005.0,,330.0,48.0,52.0,201000.0,1157.0,117.0,1002.0,40.4,21211.0,19.0,06,071,000203,2
102786.0,,99.0,144.0,12.0,447800.0,-666666666.0,26.0,1068.0,47.6,35804.0,17.0,06,071,000820,3
125708.0,,127.0,210.0,31.0,467400.0,-666666666.0,0.0,893.0,41.2,48276.0,19.0,06,071,000820,2
86339.0,,141.0,178.0,82.0,405700.0,2001.0,100.0,861.0,58.3,47126.0,19.0,06,071,000819,1
34896.0,,324.0,103.0,121.0,135300.0,906.0,183.0,1659.0,31.7,21221.0,90.0,06,071,009912,3
47016.0,,568.0,124.0,347.0,92600.0,1153.0,686.0,4288.0,26.9,16600.0,121.0,06,071,010025,1
38816.0,,351.0,88.0,227.0,112800.0,806.0,488.0,2859.0,32.1,13189.0,266.0,06,071,010025,2
40090.0,,722.0,378.0,166.0,145100.0,1001.0,989.0,5980.0,32.7,18137.0,371.0,06,071,010026,1
45714.0,,742.0,200.0,292.0,135300.0,1168.0,627.0,5672.0,28.5,13192.0,225.0,06,071,010026,2
24478.0,,483.0,45.0,275.0,92100.0,929.0,396.0,2629.0,28.5,10310.0,186.0,06,071,009913,1
35781.0,,511.0,74.0,120.0,119000.0,858.0,537.0,2782.0,35.1,14311.0,183.0,06,071,009913,2
22184.0,,290.0,0.0,227.0,107600.0,644.0,144.0,1693.0,36.3,14141.0,39.0,06,071,012103,1
41875.0,,407.0,126.0,211.0,112100.0,823.0,152.0,2577.0,40.7,17759.0,34.0,06,071,012103,2
72815.0,,658.0,296.0,169.0,299500.0,951.0,510.0,4015.0,43.7,33195.0,72.0,06,071,012101,2
24615.0,,100.0,0.0,30.0,27500.0,1012.0,183.0,805.0,31.2,13558.0,66.0,06,071,012101,3
34118.0,,185.0,153.0,13.0,223900.0,-666666666.0,74.0,904.0,30.1,18190.0,0.0,06,071,012101,1
70714.0,,507.0,168.0,47.0,177000.0,1100.0,202.0,2376.0,35.3,28460.0,29.0,06,071,012001,1
52794.0,,355.0,51.0,175.0,86500.0,815.0,276.0,1744.0,34.8,18909.0,35.0,06,071,012001,3
61273.0,,446.0,103.0,86.0,116000.0,1012.0,176.0,2251.0,30.7,24204.0,67.0,06,071,012001,2
51597.0,,338.0,170.0,165.0,215900.0,938.0,277.0,2816.0,32.4,19013.0,101.0,06,071,004004,2
40046.0,,246.0,75.0,129.0,149500.0,787.0,141.0,1208.0,38.2,15293.0,0.0,06,071,003606,1
37269.0,,390.0,111.0,300.0,145800.0,778.0,237.0,3177.0,30.5,11694.0,274.0,06,071,003606,3
46755.0,,674.0,111.0,414.0,73200.0,1159.0,201.0,2997.0,31.5,11792.0,153.0,06,071,003302,3
31186.0,,191.0,74.0,115.0,119500.0,1006.0,312.0,1125.0,27.9,17259.0,97.0,06,071,003302,4
31941.0,,152.0,67.0,77.0,184200.0,1156.0,285.0,2354.0,27.8,23534.0,187.0,06,071,003101,2
76366.0,,250.0,108.0,125.0,44500.0,-666666666.0,13.0,1203.0,41.2,32377.0,34.0,06,071,008706,5
54115.0,,98.0,103.0,6.0,413000.0,1508.0,64.0,807.0,39.1,25961.0,34.0,06,071,011204,3
42344.0,,51.0,72.0,30.0,198700.0,1152.0,126.0,653.0,37.9,42165.0,38.0,06,071,011204,2
61215.0,,92.0,100.0,9.0,370900.0,1255.0,102.0,458.0,58.8,38482.0,19.0,06,071,011401,3
56429.0,,208.0,31.0,29.0,197800.0,1030.0,199.0,1136.0,39.0,21072.0,21.0,06,071,011401,1
23141.0,,144.0,32.0,110.0,161100.0,905.0,284.0,1204.0,32.4,11370.0,62.0,06,071,011205,2
60880.0,,128.0,78.0,18.0,169900.0,-666666666.0,38.0,927.0,28.5,24360.0,56.0,06,071,010803,3
40417.0,,30.0,61.0,27.0,222000.0,575.0,67.0,374.0,56.4,35657.0,17.0,06,071,010803,1
53333.0,,113.0,39.0,100.0,239100.0,1366.0,89.0,778.0,51.2,22079.0,32.0,06,071,010803,2
92500.0,,323.0,530.0,261.0,345600.0,1693.0,211.0,3629.0,34.8,27372.0,39.0,06,071,001311,1
54667.0,,564.0,133.0,297.0,135800.0,1072.0,258.0,3208.0,40.8,19922.0,128.0,06,071,010023,2
34097.0,,209.0,13.0,32.0,49500.0,734.0,175.0,1051.0,30.5,17804.0,28.0,06,071,010300,1
45547.0,,112.0,34.0,47.0,124700.0,733.0,52.0,611.0,55.2,22501.0,25.0,06,071,010300,3
38125.0,,195.0,122.0,138.0,341300.0,1482.0,95.0,635.0,56.0,33631.0,0.0,06,071,011300,1
109125.0,,195.0,86.0,52.0,495300.0,1458.0,54.0,1207.0,39.1,39560.0,0.0,06,071,000103,1
105592.0,,91.0,194.0,78.0,521900.0,2001.0,113.0,1397.0,37.0,38466.0,38.0,06,071,000103,2
40556.0,,226.0,96.0,83.0,242200.0,1052.0,126.0,1388.0,40.8,22436.0,58.0,06,071,001200,3
80152.0,,81.0,60.0,10.0,302100.0,2001.0,80.0,767.0,45.9,31889.0,0.0,06,071,001200,4
65125.0,,206.0,4.0,148.0,150500.0,-666666666.0,28.0,1377.0,41.0,15353.0,38.0,06,071,003403,1
42537.0,,323.0,45.0,195.0,164800.0,1020.0,158.0,2148.0,27.6,12294.0,80.0,06,071,003403,2
29402.0,,116.0,17.0,12.0,135100.0,-666666666.0,20.0,655.0,47.1,16949.0,27.0,06,071,008901,2
38750.0,,184.0,120.0,62.0,139600.0,727.0,191.0,1252.0,33.5,21300.0,49.0,06,071,009300,1
41661.0,,484.0,109.0,100.0,150900.0,1329.0,67.0,2135.0,40.2,17612.0,96.0,06,071,010021,3
50028.0,,623.0,154.0,464.0,165600.0,1343.0,201.0,3153.0,27.5,14520.0,89.0,06,071,010021,1
85496.0,,1285.0,709.0,338.0,288500.0,1904.0,104.0,7899.0,34.4,19837.0,182.0,06,071,002601,2
24474.0,,120.0,0.0,54.0,-666666666.0,870.0,260.0,950.0,19.9,8432.0,91.0,06,071,003506,1
50921.0,,106.0,17.0,124.0,145800.0,646.0,92.0,2692.0,22.0,11691.0,32.0,06,071,003506,3
35313.0,,393.0,109.0,77.0,155800.0,1076.0,95.0,1595.0,32.6,21562.0,79.0,06,071,003506,2
35000.0,,85.0,75.0,114.0,192400.0,1652.0,39.0,1159.0,23.3,11867.0,67.0,06,071,002306,1
43971.0,,216.0,92.0,210.0,162800.0,916.0,242.0,2391.0,26.5,14643.0,161.0,06,071,003509,2
48935.0,,213.0,21.0,148.0,207800.0,1257.0,74.0,1359.0,27.8,12466.0,23.0,06,071,003404,2
40714.0,,129.0,147.0,15.0,220100.0,969.0,289.0,1165.0,30.7,27429.0,0.0,06,071,009201,2
65595.0,,225.0,304.0,78.0,265600.0,1161.0,102.0,1400.0,48.4,33772.0,0.0,06,071,009201,1
35526.0,,879.0,129.0,223.0,69500.0,439.0,219.0,2814.0,39.4,11952.0,152.0,06,071,012104,1
54821.0,,584.0,161.0,195.0,153500.0,1284.0,165.0,3199.0,40.2,22220.0,151.0,06,071,012104,2
24375.0,,196.0,32.0,100.0,16300.0,713.0,145.0,965.0,37.0,16303.0,63.0,06,071,008709,3
36301.0,,127.0,106.0,47.0,163000.0,1535.0,80.0,760.0,45.0,19741.0,42.0,06,071,008709,1
34063.0,,239.0,9.0,54.0,22400.0,903.0,213.0,1219.0,36.3,14287.0,75.0,06,071,008709,2
53194.0,,308.0,95.0,130.0,158000.0,1027.0,216.0,1501.0,32.4,17607.0,23.0,06,071,008709,4
43281.0,,394.0,27.0,206.0,38400.0,958.0,180.0,2664.0,26.5,14840.0,101.0,06,071,001809,2
43594.0,,53.0,47.0,22.0,-666666666.0,1155.0,387.0,704.0,30.4,41616.0,13.0,06,071,002109,2
58833.0,,404.0,551.0,277.0,196300.0,1394.0,1233.0,3828.0,29.7,26043.0,31.0,06,071,002109,1
49961.0,,299.0,313.0,237.0,133000.0,1303.0,322.0,2912.0,27.5,18342.0,87.0,06,071,009908,1
51174.0,,333.0,161.0,133.0,122400.0,1434.0,122.0,2074.0,33.1,20179.0,57.0,06,071,009908,2
67614.0,,231.0,15.0,260.0,119700.0,1399.0,95.0,1853.0,37.2,19342.0,25.0,06,071,009910,1
56457.0,,440.0,38.0,299.0,117200.0,1118.0,218.0,3000.0,35.1,18917.0,68.0,06,071,009910,2
67540.0,,1328.0,261.0,403.0,152500.0,1408.0,407.0,8571.0,25.8,21689.0,107.0,06,071,009118,3
41649.0,,1327.0,321.0,577.0,155300.0,1400.0,681.0,10227.0,20.7,14129.0,635.0,06,071,009118,2
117569.0,,250.0,676.0,173.0,551600.0,2001.0,311.0,4075.0,37.2,40409.0,0.0,06,071,000116,2
39722.0,,272.0,57.0,171.0,213100.0,1352.0,225.0,1568.0,30.0,13435.0,171.0,06,071,003803,1
25074.0,,157.0,25.0,16.0,113100.0,1008.0,98.0,740.0,51.0,18572.0,0.0,06,071,004302,2
41398.0,,319.0,31.0,24.0,113800.0,917.0,123.0,1989.0,31.5,17314.0,80.0,06,071,004302,3
136938.0,,132.0,238.0,19.0,569300.0,-666666666.0,0.0,1113.0,44.4,43686.0,0.0,06,071,000116,3
50982.0,,435.0,42.0,37.0,170900.0,1341.0,310.0,2509.0,19.8,12556.0,27.0,06,071,003609,2
74107.0,,346.0,203.0,90.0,245200.0,1330.0,107.0,2098.0,26.1,20128.0,19.0,06,071,002706,3
206678.0,,230.0,284.0,99.0,985600.0,2001.0,111.0,2121.0,31.9,117604.0,0.0,06,071,002021,1
146583.0,,482.0,540.0,187.0,585400.0,-666666666.0,41.0,4689.0,37.2,43065.0,29.0,06,071,002022,1
93500.0,,399.0,222.0,124.0,316100.0,1260.0,114.0,3554.0,32.4,17041.0,25.0,06,071,002706,1
91207.0,,250.0,73.0,242.0,199400.0,1141.0,45.0,1862.0,38.8,23085.0,61.0,06,071,009119,1
50990.0,,314.0,108.0,235.0,205700.0,-666666666.0,91.0,2236.0,38.2,19115.0,76.0,06,071,009119,3
45813.0,,294.0,107.0,94.0,110800.0,-666666666.0,92.0,1185.0,45.5,28088.0,0.0,06,071,009109,4
59071.0,,329.0,249.0,50.0,210400.0,783.0,255.0,2049.0,36.9,25333.0,54.0,06,071,009109,1
41215.0,,331.0,0.0,112.0,119800.0,699.0,126.0,968.0,47.4,19276.0,0.0,06,071,009109,3
92273.0,,48.0,164.0,81.0,564400.0,-666666666.0,0.0,662.0,53.8,47585.0,7.0,06,071,000814,1
117895.0,,9.0,63.0,36.0,498800.0,-666666666.0,0.0,635.0,49.6,44446.0,0.0,06,071,000814,3
51528.0,,83.0,29.0,37.0,167200.0,1107.0,33.0,639.0,38.9,25456.0,8.0,06,071,004604,3
31419.0,,216.0,103.0,154.0,116300.0,1365.0,219.0,1781.0,23.0,11725.0,137.0,06,071,004604,4
26583.0,,108.0,79.0,228.0,42400.0,1110.0,96.0,2233.0,21.3,8339.0,149.0,06,071,004404,1
32312.0,,346.0,105.0,213.0,43000.0,623.0,261.0,2805.0,25.2,10258.0,138.0,06,071,004404,3
61406.0,,235.0,14.0,117.0,164400.0,-666666666.0,19.0,1454.0,26.9,19438.0,45.0,06,071,004403,1
75968.0,,129.0,112.0,93.0,137500.0,-666666666.0,0.0,776.0,39.7,23450.0,46.0,06,071,004403,2
60662.0,,235.0,173.0,0.0,278300.0,1331.0,71.0,1411.0,37.8,26231.0,18.0,06,071,000826,1
77686.0,,280.0,53.0,135.0,290700.0,1092.0,341.0,1450.0,35.4,22497.0,30.0,06,071,000826,2
58393.0,,180.0,158.0,5.0,263800.0,-666666666.0,22.0,1158.0,40.2,20713.0,37.0,06,071,000203,3
140804.0,,111.0,485.0,101.0,521500.0,-666666666.0,18.0,2128.0,34.4,38288.0,31.0,06,071,000116,1
107188.0,,294.0,381.0,77.0,480600.0,2001.0,224.0,3035.0,33.2,33969.0,0.0,06,071,000819,2
141800.0,,396.0,283.0,119.0,460600.0,-666666666.0,0.0,1821.0,48.8,45149.0,23.0,06,071,002014,1
72361.0,,295.0,69.0,15.0,375700.0,-666666666.0,0.0,2263.0,36.9,6312.0,0.0,06,071,001903,2
93598.0,,1156.0,1466.0,489.0,328800.0,2001.0,456.0,9983.0,30.9,25834.0,108.0,06,071,002304,2
100396.0,,509.0,461.0,92.0,281000.0,2001.0,70.0,4221.0,31.3,29431.0,0.0,06,071,002304,1
29318.0,,135.0,29.0,136.0,85000.0,-666666666.0,63.0,1133.0,22.7,10331.0,109.0,06,071,002305,3
91578.0,,290.0,234.0,33.0,314100.0,-666666666.0,29.0,1653.0,29.7,21384.0,16.0,06,071,002305,2
97014.0,,367.0,444.0,373.0,299000.0,2001.0,126.0,3096.0,32.2,25507.0,16.0,06,071,002038,1
82009.0,,435.0,357.0,491.0,333500.0,2001.0,90.0,2531.0,26.9,24848.0,0.0,06,071,002038,2
91972.0,,470.0,571.0,430.0,277000.0,1932.0,226.0,5491.0,26.0,25417.0,52.0,06,071,002037,3
101316.0,,131.0,204.0,274.0,279300.0,-666666666.0,15.0,2342.0,30.5,21237.0,0.0,06,071,002037,2
46731.0,,185.0,149.0,176.0,157000.0,1316.0,193.0,1519.0,32.1,19641.0,46.0,06,071,002107,3
32055.0,,265.0,23.0,229.0,314700.0,1147.0,371.0,2182.0,25.2,8796.0,146.0,06,071,001503,2
49470.0,,170.0,90.0,141.0,231300.0,1279.0,151.0,1361.0,33.5,19402.0,45.0,06,071,001103,3
62500.0,,206.0,117.0,77.0,290000.0,1080.0,127.0,1569.0,35.5,25402.0,57.0,06,071,001103,1
45147.0,,291.0,17.0,127.0,221600.0,973.0,186.0,2051.0,23.6,12452.0,133.0,06,071,001501,2
28952.0,,274.0,50.0,85.0,191900.0,1062.0,301.0,1829.0,25.8,10297.0,166.0,06,071,001501,1
41908.0,,130.0,30.0,112.0,186000.0,1170.0,52.0,1414.0,28.4,10779.0,27.0,06,071,001310,3
43262.0,,194.0,8.0,54.0,217900.0,-666666666.0,39.0,701.0,37.4,18440.0,11.0,06,071,001310,4
41970.0,,197.0,19.0,22.0,-666666666.0,1118.0,258.0,1363.0,28.0,10610.0,78.0,06,071,001305,3
37383.0,,165.0,52.0,174.0,206000.0,893.0,200.0,1936.0,24.5,12732.0,114.0,06,071,001305,2
51994.0,,150.0,66.0,220.0,250000.0,1424.0,405.0,1648.0,22.8,21717.0,105.0,06,071,001309,3
82639.0,,69.0,173.0,53.0,264200.0,1305.0,50.0,995.0,45.4,37325.0,42.0,06,071,011002,1
39583.0,,35.0,118.0,26.0,237900.0,1032.0,116.0,633.0,45.7,25973.0,0.0,06,071,011002,2
54583.0,,187.0,73.0,34.0,172100.0,922.0,104.0,1035.0,51.5,26806.0,34.0,06,071,010804,1
21169.0,,87.0,54.0,0.0,230800.0,-666666666.0,27.0,624.0,31.9,14404.0,39.0,06,071,010804,3
77870.0,,24.0,20.0,0.0,354200.0,-666666666.0,0.0,442.0,58.0,34578.0,0.0,06,071,010902,3
50032.0,,622.0,87.0,207.0,82500.0,1123.0,424.0,3062.0,37.3,21671.0,131.0,06,071,012002,4
72943.0,,66.0,15.0,81.0,-666666666.0,1458.0,124.0,480.0,29.6,23718.0,45.0,06,071,012002,1
31705.0,,156.0,8.0,39.0,138100.0,651.0,161.0,1050.0,41.3,19766.0,16.0,06,071,012002,2
34315.0,,415.0,214.0,57.0,75000.0,964.0,673.0,1968.0,39.0,22328.0,25.0,06,071,002107,2
122917.0,,195.0,278.0,172.0,444500.0,-666666666.0,33.0,1954.0,41.8,39463.0,5.0,06,071,002019,1
41063.0,,344.0,38.0,82.0,93400.0,1094.0,350.0,1857.0,26.7,14922.0,118.0,06,071,004507,2
46528.0,,36.0,72.0,158.0,271900.0,1574.0,64.0,2081.0,20.0,9048.0,0.0,06,071,004510,1
51429.0,,179.0,93.0,131.0,172300.0,1345.0,295.0,1622.0,23.0,15711.0,20.0,06,071,004510,2
72375.0,,47.0,46.0,14.0,333000.0,-666666666.0,53.0,662.0,41.1,34467.0,19.0,06,071,010902,4
42813.0,,25.0,97.0,0.0,275400.0,-666666666.0,50.0,387.0,56.2,23137.0,17.0,06,071,010902,5
75658.0,,159.0,175.0,18.0,268900.0,-666666666.0,29.0,488.0,59.5,38037.0,0.0,06,071,010902,2
50982.0,,222.0,49.0,89.0,152000.0,1013.0,208.0,2147.0,25.8,13068.0,142.0,06,071,004507,3
32117.0,,217.0,34.0,74.0,74800.0,961.0,253.0,1205.0,26.2,11566.0,112.0,06,071,004507,1
48750.0,,115.0,130.0,214.0,223100.0,1095.0,466.0,1774.0,28.8,15958.0,77.0,06,071,001400,2
56563.0,,754.0,66.0,424.0,192100.0,1195.0,265.0,3674.0,30.4,15866.0,95.0,06,071,002204,3
61853.0,,98.0,91.0,22.0,293200.0,1453.0,72.0,533.0,52.7,35596.0,14.0,06,071,011500,1
46747.0,,579.0,107.0,143.0,69800.0,1250.0,384.0,2576.0,40.2,23210.0,9.0,06,071,001803,1
56976.0,,241.0,98.0,120.0,180600.0,1843.0,95.0,1386.0,32.7,17681.0,33.0,06,071,002602,4
87639.0,,348.0,111.0,292.0,218200.0,1468.0,69.0,1875.0,33.1,24271.0,0.0,06,071,002602,1
48125.0,,151.0,21.0,97.0,174600.0,1161.0,55.0,1017.0,33.2,14481.0,35.0,06,071,002901,1
48846.0,,34.0,21.0,85.0,156500.0,923.0,31.0,932.0,27.8,13103.0,47.0,06,071,002901,3
50912.0,,254.0,56.0,45.0,152900.0,-666666666.0,20.0,1400.0,28.2,12584.0,27.0,06,071,002902,1
70443.0,,178.0,5.0,66.0,195300.0,-666666666.0,16.0,838.0,34.2,19152.0,37.0,06,071,002902,4
28882.0,,250.0,40.0,79.0,156300.0,849.0,412.0,1460.0,42.4,15075.0,18.0,06,071,002902,2
62150.0,,408.0,205.0,229.0,96400.0,1342.0,328.0,3765.0,21.4,15311.0,111.0,06,071,009114,2
57344.0,,919.0,164.0,506.0,98400.0,1243.0,509.0,6705.0,22.8,12592.0,274.0,06,071,009114,1
20417.0,,180.0,71.0,59.0,-666666666.0,1072.0,427.0,1439.0,34.5,10800.0,209.0,06,071,007305,2
48995.0,,387.0,456.0,180.0,191600.0,1016.0,682.0,2826.0,31.1,17860.0,41.0,06,071,007305,1
66176.0,,194.0,117.0,51.0,179700.0,874.0,132.0,1451.0,31.4,29938.0,14.0,06,071,004505,1
40496.0,,100.0,50.0,195.0,181100.0,1136.0,129.0,1258.0,36.2,19999.0,5.0,06,071,004505,2
71853.0,,53.0,24.0,58.0,257000.0,735.0,99.0,849.0,27.9,21739.0,38.0,06,071,004603,2
61217.0,,247.0,0.0,70.0,122000.0,696.0,89.0,1067.0,30.5,24001.0,19.0,06,071,004603,1
41607.0,,139.0,115.0,262.0,218900.0,1045.0,553.0,2094.0,27.4,18711.0,102.0,06,071,004603,3
42250.0,,343.0,89.0,174.0,151100.0,1665.0,166.0,2531.0,27.8,11582.0,142.0,06,071,004301,1
56867.0,,376.0,40.0,247.0,139000.0,1061.0,387.0,3313.0,23.6,14648.0,109.0,06,071,003611,1
35103.0,,375.0,86.0,38.0,95000.0,1026.0,296.0,2467.0,36.6,13544.0,96.0,06,071,003609,3
73690.0,,258.0,181.0,176.0,186900.0,1775.0,88.0,1987.0,27.7,31200.0,0.0,06,071,002606,1
73689.0,,378.0,297.0,160.0,229600.0,1750.0,139.0,3011.0,26.0,20504.0,44.0,06,071,002306,2
60521.0,,289.0,105.0,276.0,174700.0,1611.0,167.0,3020.0,29.1,16824.0,47.0,06,071,002307,2
75778.0,,202.0,65.0,148.0,207200.0,-666666666.0,31.0,2058.0,24.9,16956.0,50.0,06,071,002606,3
64932.0,,387.0,88.0,168.0,237100.0,2001.0,103.0,2187.0,33.4,18592.0,0.0,06,071,002607,2
79293.0,,125.0,50.0,109.0,250400.0,-666666666.0,16.0,1709.0,24.0,18781.0,9.0,06,071,002607,3
65625.0,,185.0,104.0,116.0,223600.0,1785.0,65.0,2083.0,26.7,17479.0,0.0,06,071,002607,4
-666666666.0,,295.0,15.0,0.0,-666666666.0,-666666666.0,0.0,2838.0,30.9,2614.0,0.0,06,071,002207,2
104730.0,,926.0,943.0,564.0,315600.0,2001.0,176.0,7664.0,32.4,30593.0,62.0,06,071,002704,2
76705.0,,242.0,76.0,50.0,233300.0,-666666666.0,30.0,1225.0,27.0,27036.0,0.0,06,071,002704,1
43063.0,,494.0,11.0,374.0,144600.0,1273.0,311.0,2853.0,28.5,9899.0,107.0,06,071,004104,1
54015.0,,272.0,156.0,82.0,151300.0,1678.0,153.0,2333.0,28.0,18546.0,125.0,06,071,004101,1
58696.0,,254.0,139.0,277.0,171900.0,693.0,218.0,2108.0,45.7,24916.0,62.0,06,071,011404,2
28333.0,,16.0,6.0,69.0,246300.0,579.0,82.0,273.0,50.1,20038.0,0.0,06,071,010424,1
29572.0,,399.0,48.0,165.0,170800.0,839.0,69.0,1284.0,53.6,26730.0,48.0,06,071,010424,2
53750.0,,433.0,142.0,263.0,198700.0,1012.0,80.0,1766.0,40.9,24051.0,88.0,06,071,011404,1
50536.0,,43.0,15.0,0.0,192800.0,-666666666.0,31.0,166.0,53.1,30560.0,0.0,06,071,011206,1
27188.0,,55.0,14.0,28.0,108200.0,508.0,94.0,422.0,49.1,14970.0,15.0,06,071,025100,2
98071.0,,243.0,53.0,59.0,221600.0,-666666666.0,51.0,1243.0,43.5,24504.0,46.0,06,071,007109,2
26803.0,,91.0,52.0,0.0,-666666666.0,1071.0,408.0,1834.0,23.1,11694.0,53.0,06,071,007109,3
61658.0,,207.0,177.0,153.0,244100.0,1146.0,680.0,1785.0,28.2,31081.0,12.0,06,071,007109,1
20938.0,,34.0,428.0,54.0,69100.0,1019.0,473.0,1423.0,30.1,19812.0,77.0,06,071,007303,2
24865.0,,32.0,440.0,47.0,266700.0,964.0,526.0,1622.0,33.7,32813.0,53.0,06,071,007303,3
108000.0,,150.0,115.0,16.0,193000.0,-666666666.0,12.0,1318.0,33.6,23590.0,0.0,06,071,007110,1
82019.0,,351.0,496.0,72.0,252800.0,1646.0,267.0,2468.0,31.4,26645.0,42.0,06,071,007110,3
80625.0,,144.0,192.0,42.0,355600.0,983.0,167.0,1347.0,36.3,32530.0,15.0,06,071,000503,2
54315.0,,224.0,164.0,58.0,441100.0,1388.0,294.0,1926.0,35.5,19907.0,44.0,06,071,000503,3
33438.0,,319.0,20.0,70.0,178100.0,1458.0,43.0,1282.0,28.8,12295.0,9.0,06,071,001002,3
43800.0,,457.0,208.0,149.0,352100.0,1140.0,518.0,2013.0,30.5,21541.0,35.0,06,071,000823,1
37270.0,,161.0,358.0,157.0,-666666666.0,1135.0,859.0,2451.0,27.9,15577.0,246.0,06,071,000823,2
55723.0,,254.0,65.0,0.0,-666666666.0,1331.0,359.0,972.0,29.4,20083.0,60.0,06,071,000825,3
61538.0,,119.0,58.0,42.0,175500.0,1150.0,127.0,818.0,24.9,25061.0,0.0,06,071,000825,1
46136.0,,136.0,6.0,39.0,271600.0,938.0,205.0,1282.0,31.4,20192.0,54.0,06,071,001104,2
35278.0,,344.0,127.0,151.0,273700.0,792.0,485.0,2025.0,29.7,18598.0,36.0,06,071,001104,3
51372.0,,291.0,193.0,90.0,276900.0,1106.0,425.0,2359.0,30.6,19354.0,163.0,06,071,000904,1
106638.0,,137.0,252.0,41.0,454700.0,1657.0,69.0,1595.0,40.3,34987.0,0.0,06,071,000818,4
55152.0,,226.0,254.0,158.0,428000.0,1181.0,282.0,1383.0,46.0,21490.0,59.0,06,071,000818,3
85581.0,,625.0,154.0,219.0,144000.0,-666666666.0,50.0,4139.0,31.3,25742.0,21.0,06,071,009118,1
61389.0,,500.0,304.0,275.0,145600.0,1531.0,247.0,4118.0,24.6,16657.0,120.0,06,071,009911,1
46458.0,,180.0,26.0,135.0,136800.0,982.0,153.0,1257.0,45.6,22201.0,22.0,06,071,007604,3
60521.0,,228.0,354.0,95.0,-666666666.0,1274.0,870.0,2180.0,32.5,33469.0,16.0,06,071,007306,1
56993.0,,246.0,687.0,179.0,271100.0,1050.0,670.0,3449.0,29.5,31120.0,30.0,06,071,007306,2
38148.0,,164.0,69.0,82.0,179300.0,777.0,294.0,1559.0,31.5,12813.0,96.0,06,071,006601,2
134886.0,,89.0,167.0,20.0,283300.0,-666666666.0,14.0,980.0,45.2,44905.0,0.0,06,071,007904,1
98882.0,,385.0,359.0,220.0,344200.0,727.0,145.0,3888.0,36.8,30467.0,103.0,06,071,007904,3
68417.0,,248.0,33.0,151.0,151100.0,1168.0,193.0,2131.0,24.9,13983.0,14.0,06,071,007409,2
100781.0,,298.0,264.0,64.0,162600.0,1150.0,150.0,1809.0,33.1,33760.0,19.0,06,071,007409,3
53611.0,,441.0,150.0,102.0,179000.0,1110.0,169.0,1676.0,55.6,33190.0,11.0,06,071,007410,2
38931.0,,374.0,60.0,88.0,24200.0,926.0,844.0,2934.0,25.6,13751.0,164.0,06,071,007410,3
45425.0,,420.0,202.0,166.0,332600.0,1169.0,492.0,2845.0,26.2,15130.0,167.0,06,071,000603,2
63281.0,,266.0,153.0,150.0,302200.0,1125.0,109.0,1389.0,41.1,30265.0,64.0,06,071,000501,2
70030.0,,538.0,493.0,201.0,370300.0,1287.0,455.0,3666.0,32.2,22881.0,0.0,06,071,000501,1
71895.0,,708.0,91.0,299.0,350400.0,699.0,207.0,2820.0,41.8,21617.0,72.0,06,071,000604,1
45678.0,,248.0,127.0,53.0,249300.0,1602.0,86.0,1182.0,35.7,11418.0,8.0,06,071,000205,3
70000.0,,252.0,138.0,185.0,261100.0,1895.0,98.0,2484.0,34.3,21160.0,39.0,06,071,000205,2
39688.0,,246.0,63.0,81.0,105400.0,1033.0,164.0,1261.0,47.7,29359.0,27.0,06,071,010423,1
45199.0,,410.0,178.0,232.0,105800.0,849.0,354.0,1841.0,44.3,23395.0,0.0,06,071,010420,1
51284.0,,114.0,213.0,80.0,164100.0,1375.0,93.0,1186.0,51.6,27619.0,0.0,06,071,010420,2
27299.0,,363.0,141.0,5.0,64600.0,605.0,486.0,1474.0,46.6,15088.0,113.0,06,071,010420,3
40190.0,,926.0,533.0,140.0,-666666666.0,1083.0,1677.0,10411.0,21.8,19056.0,169.0,06,071,010402,1
31136.0,,135.0,56.0,14.0,31000.0,1065.0,123.0,949.0,64.4,21250.0,32.0,06,071,010411,4
64167.0,,196.0,73.0,112.0,184000.0,-666666666.0,33.0,1223.0,38.4,16561.0,79.0,06,071,003804,1
85078.0,,227.0,99.0,145.0,193300.0,1775.0,130.0,2734.0,28.3,20584.0,90.0,06,071,003804,3
41630.0,,283.0,67.0,92.0,173300.0,-666666666.0,17.0,1177.0,32.8,15484.0,9.0,06,071,003804,2
38825.0,,346.0,48.0,163.0,156400.0,757.0,510.0,3049.0,32.1,14307.0,12.0,06,071,003607,1
52695.0,,159.0,84.0,143.0,154600.0,920.0,103.0,2166.0,25.2,14371.0,94.0,06,071,003607,2
23616.0,,162.0,14.0,140.0,153200.0,925.0,130.0,1565.0,22.9,7733.0,116.0,06,071,004103,3
43611.0,,195.0,101.0,142.0,138600.0,1217.0,194.0,2331.0,23.5,11101.0,89.0,06,071,004103,1
48594.0,,360.0,37.0,40.0,175900.0,1567.0,71.0,1819.0,29.0,14767.0,52.0,06,071,004001,2
44219.0,,415.0,241.0,257.0,206700.0,810.0,162.0,4073.0,28.5,14196.0,146.0,06,071,004003,2
44081.0,,453.0,280.0,68.0,252100.0,1132.0,563.0,2302.0,33.2,24635.0,62.0,06,071,000404,2
34228.0,,153.0,259.0,49.0,162200.0,886.0,784.0,1828.0,33.9,31203.0,60.0,06,071,008200,1
41825.0,,128.0,243.0,40.0,290300.0,824.0,405.0,1340.0,34.0,31558.0,0.0,06,071,008200,4
77955.0,,53.0,129.0,37.0,340700.0,-666666666.0,26.0,515.0,50.8,37556.0,0.0,06,071,008200,3
38542.0,,630.0,143.0,319.0,133000.0,944.0,701.0,4265.0,29.4,16667.0,415.0,06,071,009710,1
57535.0,,413.0,203.0,207.0,195200.0,1284.0,350.0,4036.0,36.7,22524.0,149.0,06,071,010412,3
40952.0,,620.0,102.0,141.0,136800.0,849.0,555.0,2428.0,32.6,19082.0,141.0,06,071,010412,1
59464.0,,262.0,285.0,207.0,360200.0,1428.0,195.0,2378.0,41.8,29635.0,38.0,06,071,002015,1
64375.0,,599.0,187.0,241.0,288500.0,1683.0,294.0,2814.0,31.1,20315.0,95.0,06,071,002015,2
38625.0,,353.0,21.0,259.0,206600.0,946.0,359.0,1899.0,42.0,15186.0,69.0,06,071,001812,1
41521.0,,172.0,1.0,80.0,194100.0,1048.0,393.0,2116.0,25.1,10773.0,140.0,06,071,001812,2
59593.0,,277.0,195.0,26.0,279800.0,1356.0,282.0,1944.0,29.7,19541.0,0.0,06,071,001808,1
88621.0,,182.0,157.0,91.0,294500.0,1831.0,91.0,1712.0,36.1,26619.0,13.0,06,071,001808,2
61625.0,,137.0,73.0,62.0,271400.0,1388.0,63.0,759.0,42.0,22787.0,0.0,06,071,001808,3
59041.0,,216.0,22.0,49.0,293800.0,-666666666.0,82.0,1463.0,38.4,18922.0,12.0,06,071,001806,2
69153.0,,413.0,152.0,77.0,316900.0,2001.0,66.0,2628.0,30.8,19348.0,33.0,06,071,001806,3
68852.0,,148.0,56.0,144.0,186800.0,1815.0,63.0,1378.0,30.0,16884.0,48.0,06,071,002604,1
50750.0,,286.0,30.0,132.0,215200.0,1132.0,47.0,1248.0,29.3,15038.0,54.0,06,071,002604,2
55833.0,,52.0,28.0,62.0,271400.0,-666666666.0,35.0,979.0,35.5,22735.0,0.0,06,071,011102,1
28500.0,,11.0,81.0,34.0,226800.0,-666666666.0,45.0,326.0,54.5,19542.0,12.0,06,071,011102,3
29286.0,,156.0,61.0,79.0,231800.0,950.0,125.0,913.0,38.0,17733.0,55.0,06,071,011001,2
65721.0,,173.0,67.0,60.0,201700.0,924.0,89.0,797.0,34.4,26652.0,28.0,06,071,011001,3
57652.0,,276.0,91.0,68.0,257900.0,1454.0,85.0,1635.0,33.0,22737.0,16.0,06,071,001312,1
42202.0,,437.0,231.0,159.0,189200.0,1406.0,591.0,2702.0,27.2,17329.0,68.0,06,071,001504,2
53152.0,,306.0,68.0,55.0,253000.0,-666666666.0,21.0,1063.0,38.4,17618.0,24.0,06,071,000208,2
48448.0,,394.0,132.0,223.0,260800.0,1135.0,145.0,3167.0,30.1,18675.0,0.0,06,071,000208,1
91667.0,,107.0,148.0,20.0,297400.0,1769.0,115.0,1153.0,37.2,28453.0,4.0,06,071,000824,3
54527.0,,194.0,38.0,156.0,225400.0,1883.0,89.0,2237.0,28.4,13618.0,79.0,06,071,001307,1
21324.0,,326.0,143.0,219.0,146600.0,867.0,261.0,1675.0,46.1,14655.0,82.0,06,071,010417,1
43935.0,,172.0,17.0,135.0,116700.0,837.0,135.0,967.0,44.3,28699.0,0.0,06,071,010417,3
33125.0,,24.0,13.0,6.0,283900.0,727.0,48.0,235.0,25.7,16371.0,26.0,06,071,010422,1
30195.0,,402.0,77.0,99.0,72300.0,1105.0,186.0,1397.0,41.0,19012.0,56.0,06,071,009912,2
26267.0,,226.0,127.0,81.0,213800.0,1060.0,460.0,1270.0,33.6,16300.0,62.0,06,071,000901,1
31558.0,,221.0,31.0,157.0,-666666666.0,1057.0,560.0,2407.0,22.9,8130.0,200.0,06,071,002804,3
28409.0,,230.0,22.0,97.0,125000.0,882.0,118.0,1149.0,37.3,19560.0,48.0,06,071,003405,1
37406.0,,210.0,54.0,224.0,344000.0,1103.0,656.0,2363.0,23.6,13903.0,165.0,06,071,003405,3
59653.0,,713.0,22.0,327.0,187800.0,1525.0,167.0,3416.0,24.2,14491.0,79.0,06,071,003603,1
63973.0,,209.0,70.0,117.0,217500.0,1326.0,43.0,1438.0,29.8,20706.0,12.0,06,071,003603,2
53519.0,,157.0,26.0,99.0,159300.0,1388.0,115.0,1128.0,31.2,14541.0,30.0,06,071,003510,2
76359.0,,477.0,94.0,227.0,172600.0,1564.0,129.0,3209.0,27.7,16733.0,59.0,06,071,003507,1
22045.0,,188.0,16.0,16.0,-666666666.0,1084.0,238.0,475.0,36.8,14963.0,16.0,06,071,001101,3
80529.0,,144.0,101.0,100.0,301200.0,1840.0,113.0,1095.0,30.1,20557.0,52.0,06,071,001806,1
76727.0,,492.0,443.0,118.0,310700.0,1285.0,400.0,3818.0,35.0,26765.0,0.0,06,071,001804,2
85682.0,,206.0,72.0,52.0,268000.0,-666666666.0,24.0,1660.0,39.4,22578.0,35.0,06,071,001804,1
48671.0,,157.0,499.0,214.0,185000.0,1276.0,1022.0,3425.0,27.8,20479.0,77.0,06,071,002103,2
56941.0,,276.0,175.0,61.0,210200.0,1333.0,146.0,2156.0,35.7,24351.0,47.0,06,071,002027,2
47668.0,,165.0,118.0,79.0,278800.0,1573.0,159.0,1785.0,30.4,22505.0,74.0,06,071,002027,1
79948.0,,489.0,157.0,244.0,284000.0,1613.0,187.0,2679.0,31.5,23998.0,10.0,06,071,002016,1
85893.0,,378.0,204.0,102.0,287000.0,1788.0,90.0,1905.0,44.8,28774.0,6.0,06,071,002016,2
46680.0,,314.0,56.0,113.0,183200.0,1043.0,142.0,1656.0,29.2,12037.0,65.0,06,071,007604,2
-666666666.0,,0.0,0.0,0.0,-666666666.0,-666666666.0,0.0,0.0,-666666666.0,-666666666.0,0.0,06,071,980100,1
36818.0,,232.0,8.0,83.0,236100.0,885.0,477.0,1387.0,27.7,19577.0,99.0,06,071,003505,2
61369.0,,420.0,98.0,128.0,178700.0,993.0,182.0,2364.0,23.4,13062.0,50.0,06,071,003505,3
30370.0,,303.0,19.0,242.0,211000.0,905.0,404.0,2408.0,20.5,9338.0,247.0,06,071,003505,1
117574.0,,216.0,431.0,117.0,505800.0,-666666666.0,11.0,1884.0,48.7,42620.0,8.0,06,071,002011,1
105431.0,,208.0,331.0,14.0,536000.0,-666666666.0,30.0,2075.0,44.2,43631.0,5.0,06,071,002011,2
76500.0,,205.0,68.0,77.0,173800.0,1075.0,83.0,894.0,44.1,24028.0,0.0,06,071,009202,2
51471.0,,479.0,125.0,173.0,156300.0,1372.0,500.0,2954.0,28.6,20063.0,47.0,06,071,001706,3
58549.0,,299.0,57.0,249.0,146600.0,1240.0,359.0,2658.0,28.2,12592.0,78.0,06,071,001706,1
37159.0,,257.0,56.0,154.0,214900.0,961.0,148.0,1256.0,40.0,16010.0,115.0,06,071,001200,2
31842.0,,201.0,36.0,0.0,122400.0,657.0,387.0,1353.0,42.6,16803.0,133.0,06,071,010700,2
28977.0,,262.0,33.0,33.0,65800.0,668.0,277.0,1024.0,33.8,22650.0,37.0,06,071,010700,1
37410.0,,262.0,52.0,155.0,157500.0,834.0,429.0,2599.0,21.7,12891.0,145.0,06,071,010019,2
62798.0,,194.0,55.0,60.0,158000.0,1402.0,58.0,1436.0,40.2,21630.0,28.0,06,071,010019,3
53401.0,,143.0,143.0,108.0,238900.0,1163.0,234.0,2840.0,20.5,15905.0,37.0,06,071,008401,5
91429.0,,172.0,214.0,123.0,262500.0,1490.0,75.0,2206.0,29.8,30059.0,39.0,06,071,008401,1
113864.0,,77.0,66.0,35.0,315400.0,1655.0,40.0,1103.0,34.6,34904.0,0.0,06,071,008401,2
98750.0,,334.0,404.0,75.0,357300.0,-666666666.0,17.0,2063.0,47.1,36860.0,0.0,06,071,008703,1
102105.0,,261.0,404.0,165.0,357400.0,-666666666.0,57.0,2136.0,50.5,43575.0,0.0,06,071,008703,3
60948.0,,300.0,276.0,365.0,306100.0,1124.0,296.0,3212.0,29.3,17552.0,83.0,06,071,002301,2
77056.0,,435.0,214.0,291.0,215400.0,1590.0,151.0,3015.0,28.4,16491.0,0.0,06,071,002301,3
88056.0,,191.0,126.0,181.0,236500.0,-666666666.0,29.0,1996.0,28.2,22145.0,9.0,06,071,002301,1
43375.0,,362.0,28.0,192.0,130600.0,972.0,310.0,2293.0,32.3,14249.0,145.0,06,071,003509,1
86619.0,,188.0,41.0,14.0,225600.0,1744.0,91.0,1128.0,30.8,25982.0,0.0,06,071,002705,4
63371.0,,117.0,119.0,111.0,228100.0,2001.0,52.0,1593.0,33.4,18713.0,7.0,06,071,002705,3
97984.0,,250.0,104.0,90.0,257500.0,-666666666.0,0.0,2345.0,28.5,27509.0,23.0,06,071,002703,1
87047.0,,155.0,117.0,104.0,232900.0,-666666666.0,79.0,1257.0,43.1,31643.0,11.0,06,071,002703,2
85106.0,,170.0,28.0,168.0,193200.0,-666666666.0,29.0,848.0,51.5,23632.0,8.0,06,071,002604,3
52639.0,,224.0,124.0,108.0,195000.0,-666666666.0,49.0,969.0,34.3,11477.0,10.0,06,071,003101,1
42092.0,,99.0,117.0,147.0,218600.0,1787.0,85.0,1006.0,29.7,14323.0,71.0,06,071,003301,2
32402.0,,279.0,30.0,127.0,115800.0,979.0,379.0,1686.0,26.2,11323.0,126.0,06,071,002803,1
54509.0,,64.0,58.0,71.0,212500.0,1260.0,79.0,963.0,31.0,17238.0,43.0,06,071,002803,2
52822.0,,230.0,37.0,42.0,89200.0,1087.0,208.0,1064.0,30.2,14105.0,68.0,06,071,003102,2
33431.0,,267.0,46.0,28.0,261400.0,921.0,447.0,2298.0,21.8,9589.0,164.0,06,071,003102,3
33203.0,,394.0,14.0,36.0,145400.0,912.0,390.0,2228.0,26.9,10729.0,145.0,06,071,003102,1
52981.0,,176.0,92.0,63.0,132600.0,1185.0,95.0,1528.0,27.9,15956.0,14.0,06,071,012400,1
11620.0,,228.0,87.0,91.0,-666666666.0,300.0,574.0,971.0,65.7,8769.0,62.0,06,071,005701,1
65714.0,,228.0,121.0,126.0,226400.0,949.0,178.0,1729.0,31.6,24466.0,96.0,06,071,012700,1
83056.0,,402.0,339.0,178.0,249800.0,1702.0,160.0,2541.0,32.8,26370.0,0.0,06,071,012700,2
88529.0,,227.0,146.0,13.0,245500.0,1557.0,87.0,932.0,43.2,32867.0,8.0,06,071,011101,4
34236.0,,175.0,76.0,87.0,165300.0,985.0,165.0,920.0,32.4,18759.0,43.0,06,071,011101,3
29313.0,,74.0,78.0,15.0,435500.0,1244.0,147.0,581.0,54.8,33691.0,41.0,06,071,011203,2
32857.0,,82.0,77.0,39.0,162200.0,-666666666.0,67.0,779.0,29.5,14546.0,76.0,06,071,011403,3
39313.0,,122.0,126.0,0.0,166100.0,944.0,189.0,631.0,30.9,21670.0,0.0,06,071,011403,1
33447.0,,241.0,66.0,37.0,107500.0,645.0,88.0,836.0,50.7,18368.0,28.0,06,071,011403,4
34471.0,,0.0,21.0,22.0,417500.0,-666666666.0,54.0,274.0,41.2,13753.0,23.0,06,071,010901,4
72468.0,,29.0,127.0,0.0,531000.0,-666666666.0,0.0,581.0,56.3,27690.0,0.0,06,071,010901,1
59722.0,,133.0,141.0,66.0,284800.0,-666666666.0,14.0,715.0,52.9,32844.0,0.0,06,071,010901,2
81121.0,,83.0,185.0,0.0,271200.0,-666666666.0,0.0,629.0,60.1,30855.0,0.0,06,071,010901,5
9605.0,,295.0,10.0,99.0,55700.0,702.0,283.0,1551.0,17.5,5203.0,207.0,06,071,009116,1
14620.0,,69.0,8.0,92.0,9999.0,707.0,315.0,1120.0,21.4,7136.0,137.0,06,071,009116,2
57625.0,,294.0,71.0,169.0,212100.0,1688.0,45.0,1709.0,31.7,18574.0,73.0,06,071,003401,3
61779.0,,324.0,58.0,225.0,206300.0,1488.0,103.0,2085.0,29.7,13969.0,84.0,06,071,002501,2
55725.0,,204.0,105.0,327.0,179900.0,1639.0,168.0,1781.0,24.9,13365.0,37.0,06,071,003401,1
52885.0,,365.0,26.0,133.0,163400.0,898.0,142.0,2054.0,25.7,13680.0,68.0,06,071,003401,4
52708.0,,245.0,67.0,237.0,63000.0,1107.0,237.0,1719.0,29.1,15056.0,22.0,06,071,002204,2
72830.0,,251.0,244.0,233.0,311500.0,1291.0,163.0,1954.0,34.3,21600.0,63.0,06,071,000304,1
135455.0,,232.0,665.0,86.0,651400.0,2001.0,137.0,2781.0,45.2,55801.0,9.0,06,071,008500,1
111250.0,,65.0,276.0,28.0,460400.0,-666666666.0,35.0,1428.0,51.5,62874.0,48.0,06,071,008500,4
57143.0,,115.0,120.0,16.0,224000.0,-666666666.0,40.0,647.0,50.3,33551.0,0.0,06,071,008500,5
55691.0,,533.0,471.0,277.0,141000.0,1190.0,421.0,4161.0,29.4,15831.0,251.0,06,071,010018,1
54816.0,,499.0,99.0,260.0,155600.0,1218.0,209.0,3544.0,31.6,18282.0,142.0,06,071,010018,2
46688.0,,274.0,99.0,93.0,92100.0,740.0,133.0,1259.0,46.0,22325.0,64.0,06,071,009500,5
20890.0,,200.0,0.0,81.0,76100.0,691.0,570.0,1819.0,21.7,15254.0,147.0,06,071,009500,4
104250.0,,338.0,688.0,258.0,355100.0,2001.0,110.0,4349.0,30.3,29609.0,31.0,06,071,002010,1
150391.0,,293.0,185.0,122.0,296700.0,-666666666.0,75.0,2053.0,29.0,37867.0,0.0,06,071,002010,2
38462.0,,372.0,214.0,375.0,365800.0,1236.0,619.0,2851.0,26.0,11245.0,227.0,06,071,001504,1
58500.0,,312.0,115.0,34.0,209400.0,1189.0,71.0,1130.0,41.2,17449.0,17.0,06,071,000207,2
58864.0,,366.0,152.0,88.0,259900.0,1667.0,80.0,1769.0,32.3,14842.0,81.0,06,071,000207,1
74450.0,,460.0,97.0,67.0,242900.0,1175.0,262.0,2019.0,33.3,21147.0,20.0,06,071,000207,3
38077.0,,281.0,15.0,145.0,260300.0,985.0,183.0,1427.0,40.9,15120.0,49.0,06,071,001001,2
48011.0,,185.0,175.0,25.0,225800.0,1335.0,263.0,1363.0,25.6,19707.0,42.0,06,071,001001,1
39973.0,,221.0,131.0,88.0,272200.0,1037.0,240.0,1906.0,35.4,16957.0,122.0,06,071,001001,3
43750.0,,315.0,40.0,148.0,252200.0,946.0,274.0,1484.0,36.8,15684.0,89.0,06,071,000205,1
52335.0,,283.0,146.0,67.0,229200.0,1076.0,284.0,1476.0,31.1,22508.0,26.0,06,071,000604,3
96783.0,,698.0,383.0,260.0,354600.0,-666666666.0,25.0,3992.0,30.8,29241.0,78.0,06,071,001906,1
68289.0,,662.0,334.0,405.0,360700.0,1239.0,588.0,3957.0,32.1,23278.0,62.0,06,071,001906,2
77273.0,,184.0,378.0,178.0,236200.0,1693.0,139.0,2455.0,27.6,23065.0,39.0,06,071,002206,4
101389.0,,55.0,218.0,125.0,457500.0,-666666666.0,24.0,1574.0,42.2,36830.0,8.0,06,071,000818,1
77159.0,,113.0,126.0,0.0,423100.0,2001.0,51.0,865.0,45.6,32818.0,25.0,06,071,000818,2
27161.0,,108.0,62.0,7.0,470500.0,1002.0,463.0,1154.0,28.6,17091.0,63.0,06,071,000824,4
113835.0,,186.0,136.0,135.0,447100.0,-666666666.0,34.0,1365.0,37.0,44820.0,0.0,06,071,000109,5
63417.0,,617.0,1415.0,455.0,376600.0,1704.0,2765.0,8813.0,32.8,32993.0,134.0,06,071,002036,1
60540.0,,327.0,451.0,50.0,292800.0,1402.0,680.0,2192.0,37.1,30841.0,30.0,06,071,002036,2
49350.0,,206.0,85.0,177.0,59700.0,1288.0,216.0,1404.0,38.3,20598.0,0.0,06,071,000901,3
57386.0,,344.0,206.0,152.0,156000.0,-666666666.0,123.0,1955.0,44.2,20686.0,40.0,06,071,010413,4
52099.0,,466.0,24.0,171.0,200300.0,1315.0,71.0,1791.0,41.0,16582.0,44.0,06,071,003507,2
46810.0,,235.0,94.0,202.0,209000.0,1475.0,61.0,1431.0,29.9,14993.0,0.0,06,071,003503,1
49805.0,,202.0,52.0,179.0,179800.0,1740.0,184.0,2541.0,25.3,16875.0,70.0,06,071,003503,2
30508.0,,88.0,38.0,56.0,155400.0,719.0,223.0,1064.0,24.1,12073.0,41.0,06,071,008002,2
31058.0,,195.0,0.0,30.0,223600.0,997.0,220.0,1100.0,18.9,11611.0,114.0,06,071,008002,3
53470.0,,195.0,71.0,213.0,145500.0,1060.0,355.0,1478.0,32.8,14603.0,96.0,06,071,008002,6
31437.0,,264.0,52.0,74.0,136300.0,1109.0,410.0,1884.0,23.9,10204.0,119.0,06,071,008002,4
32394.0,,75.0,37.0,78.0,137500.0,488.0,91.0,724.0,24.3,17285.0,25.0,06,071,008002,5
78750.0,,70.0,40.0,41.0,179000.0,1037.0,46.0,617.0,28.9,28637.0,0.0,06,071,008002,1
101625.0,,225.0,385.0,7.0,325000.0,-666666666.0,80.0,1750.0,50.9,43552.0,0.0,06,071,008403,2
119688.0,,179.0,312.0,57.0,289500.0,2001.0,58.0,1552.0,39.2,37427.0,0.0,06,071,008403,1
70000.0,,180.0,95.0,128.0,232700.0,1566.0,105.0,1106.0,38.5,35976.0,11.0,06,071,008403,4
153021.0,,166.0,234.0,78.0,477600.0,1344.0,69.0,1646.0,49.0,54538.0,0.0,06,071,008403,3
70694.0,,411.0,582.0,405.0,248400.0,1902.0,432.0,4523.0,37.3,28615.0,22.0,06,071,008706,2
107567.0,,99.0,306.0,79.0,358000.0,-666666666.0,59.0,1534.0,46.6,38272.0,0.0,06,071,008706,4
40694.0,,302.0,87.0,98.0,152300.0,1065.0,40.0,999.0,34.3,19612.0,46.0,06,071,009709,2
31719.0,,494.0,28.0,161.0,106300.0,936.0,204.0,1604.0,37.6,15450.0,142.0,06,071,009712,2
21278.0,,236.0,19.0,127.0,26000.0,700.0,269.0,2079.0,17.9,7312.0,197.0,06,071,009712,1
65407.0,,152.0,47.0,193.0,184200.0,1346.0,118.0,1768.0,24.1,11011.0,40.0,06,071,002401,4
51847.0,,446.0,59.0,182.0,155400.0,1116.0,136.0,2993.0,28.7,12148.0,96.0,06,071,002401,5
42500.0,,237.0,38.0,157.0,144400.0,921.0,174.0,2004.0,25.8,11201.0,91.0,06,071,002401,1
35964.0,,227.0,60.0,145.0,181400.0,1173.0,129.0,2202.0,25.3,12850.0,72.0,06,071,002402,2
33333.0,,322.0,74.0,277.0,152900.0,982.0,428.0,2805.0,25.8,10335.0,137.0,06,071,002402,1
36524.0,,174.0,21.0,146.0,130000.0,993.0,160.0,1416.0,24.5,10458.0,77.0,06,071,003700,1
27159.0,,240.0,122.0,253.0,160500.0,774.0,730.0,2526.0,31.8,11737.0,152.0,06,071,003700,2
44500.0,,145.0,52.0,1.0,174300.0,1269.0,61.0,590.0,31.6,20479.0,9.0,06,071,004601,5
71028.0,,304.0,160.0,58.0,164300.0,973.0,90.0,1779.0,34.4,27025.0,0.0,06,071,004601,1
29719.0,,344.0,28.0,81.0,165200.0,1132.0,133.0,1497.0,29.0,18325.0,25.0,06,071,004601,4
26538.0,,125.0,8.0,188.0,112000.0,989.0,174.0,1312.0,33.8,10636.0,117.0,06,071,004700,5
31887.0,,202.0,31.0,155.0,88600.0,1005.0,135.0,1348.0,23.4,10109.0,86.0,06,071,004700,2
40441.0,,67.0,57.0,64.0,152600.0,972.0,145.0,1211.0,27.6,11460.0,29.0,06,071,004700,4
32196.0,,116.0,207.0,49.0,107500.0,1112.0,336.0,1058.0,33.0,22604.0,0.0,06,071,000817,3
85469.0,,361.0,297.0,101.0,281800.0,1392.0,122.0,2109.0,34.4,27747.0,0.0,06,071,002206,1
66425.0,,195.0,155.0,41.0,278500.0,1219.0,115.0,1002.0,31.3,27338.0,0.0,06,071,002206,3
80547.0,,106.0,164.0,130.0,367800.0,2001.0,63.0,1276.0,42.1,32801.0,13.0,06,071,000817,2
69550.0,,438.0,226.0,233.0,263500.0,1315.0,93.0,2603.0,36.5,22742.0,52.0,06,071,001707,3
55760.0,,278.0,55.0,149.0,223600.0,1272.0,146.0,1793.0,36.1,14872.0,0.0,06,071,001707,1
131250.0,,471.0,287.0,129.0,344900.0,2001.0,74.0,3031.0,32.7,36654.0,0.0,06,071,002010,3
48726.0,,83.0,78.0,63.0,29500.0,1375.0,167.0,1341.0,36.6,23847.0,34.0,06,071,008710,3
27275.0,,338.0,117.0,91.0,24700.0,753.0,112.0,1561.0,36.7,17958.0,143.0,06,071,008710,1
26693.0,,138.0,39.0,107.0,20000.0,821.0,291.0,1374.0,30.9,13755.0,99.0,06,071,008710,2
60495.0,,282.0,101.0,98.0,247100.0,544.0,183.0,1999.0,38.7,24582.0,47.0,06,071,008602,2
57930.0,,179.0,233.0,68.0,172500.0,669.0,180.0,1516.0,49.1,33286.0,0.0,06,071,008602,1
84830.0,,156.0,133.0,114.0,200000.0,-666666666.0,37.0,1413.0,35.0,28805.0,11.0,06,071,007903,2
72981.0,,97.0,127.0,65.0,256200.0,2001.0,42.0,1050.0,46.9,26624.0,13.0,06,071,007903,3
61196.0,,582.0,173.0,282.0,135300.0,1347.0,176.0,3244.0,24.7,22952.0,81.0,06,071,009906,2
53603.0,,50.0,68.0,31.0,150000.0,1321.0,43.0,1521.0,28.3,17215.0,66.0,06,071,009906,1
61172.0,,439.0,125.0,92.0,115200.0,957.0,114.0,1471.0,49.4,23498.0,24.0,06,071,009108,1
47861.0,,442.0,61.0,185.0,134800.0,950.0,385.0,2840.0,35.3,18826.0,152.0,06,071,009108,2
64046.0,,1442.0,435.0,563.0,143700.0,1431.0,763.0,10855.0,28.7,18032.0,218.0,06,071,009110,1
55046.0,,59.0,39.0,72.0,269800.0,1123.0,228.0,1586.0,21.1,12369.0,86.0,06,071,001101,1
55000.0,,383.0,192.0,331.0,236700.0,1023.0,278.0,2380.0,28.8,15463.0,33.0,06,071,002101,1
75385.0,,150.0,206.0,181.0,221400.0,1580.0,288.0,2059.0,31.3,25260.0,29.0,06,071,002101,2
50938.0,,222.0,403.0,285.0,324200.0,1187.0,628.0,2470.0,31.6,22393.0,155.0,06,071,002013,1
47250.0,,328.0,43.0,170.0,138900.0,1352.0,204.0,1761.0,31.6,15312.0,33.0,06,071,001810,2
122679.0,,258.0,440.0,118.0,626300.0,-666666666.0,0.0,2573.0,37.0,43452.0,32.0,06,071,000117,1
81929.0,,154.0,383.0,40.0,457800.0,2001.0,24.0,1768.0,45.3,38323.0,14.0,06,071,000813,1
101734.0,,236.0,256.0,106.0,451400.0,1828.0,73.0,1732.0,50.2,39333.0,0.0,06,071,000813,2
123438.0,,267.0,377.0,146.0,596300.0,-666666666.0,49.0,1978.0,51.3,41587.0,44.0,06,071,000117,2
75388.0,,310.0,282.0,153.0,368000.0,1160.0,176.0,2845.0,32.6,27880.0,35.0,06,071,000606,1
57206.0,,231.0,104.0,110.0,230900.0,1267.0,203.0,1431.0,35.1,20833.0,13.0,06,071,000606,2
80714.0,,399.0,336.0,177.0,333900.0,-666666666.0,33.0,2899.0,33.5,24648.0,100.0,06,071,000504,3
90536.0,,255.0,84.0,38.0,386800.0,-666666666.0,23.0,1087.0,40.3,32590.0,0.0,06,071,000504,2
128938.0,,90.0,567.0,79.0,576400.0,2001.0,39.0,1958.0,41.5,40877.0,0.0,06,071,000118,2
56576.0,,115.0,56.0,63.0,211500.0,1690.0,89.0,1525.0,28.1,18496.0,46.0,06,071,003503,3
52708.0,,316.0,225.0,243.0,171000.0,881.0,83.0,2069.0,36.6,19562.0,56.0,06,071,001703,3
95417.0,,212.0,109.0,86.0,345900.0,1953.0,29.0,1463.0,37.4,25712.0,33.0,06,071,001703,4
91284.0,,105.0,139.0,68.0,305700.0,2001.0,28.0,1065.0,31.7,26339.0,21.0,06,071,001703,2
25000.0,,336.0,0.0,91.0,67500.0,1054.0,246.0,1760.0,19.0,9759.0,126.0,06,071,009712,4
74821.0,,413.0,181.0,111.0,227900.0,1356.0,117.0,2478.0,45.2,31070.0,33.0,06,071,009717,2
52000.0,,181.0,162.0,66.0,226600.0,986.0,121.0,1655.0,29.8,22361.0,77.0,06,071,009717,1
45368.0,,276.0,40.0,46.0,135400.0,1134.0,122.0,1431.0,34.6,21532.0,8.0,06,071,010410,1
36489.0,,236.0,67.0,169.0,90300.0,954.0,204.0,1557.0,31.1,18903.0,60.0,06,071,010410,2
85000.0,,103.0,369.0,65.0,567400.0,1684.0,235.0,1678.0,33.4,30156.0,19.0,06,071,000104,2
85205.0,,246.0,354.0,106.0,459900.0,1406.0,194.0,1884.0,31.8,28552.0,43.0,06,071,000104,3
130129.0,,224.0,641.0,129.0,618400.0,2001.0,86.0,2662.0,40.5,40081.0,9.0,06,071,000104,1
25837.0,,725.0,55.0,464.0,62900.0,1174.0,386.0,5760.0,28.8,7679.0,480.0,06,071,009117,1
33636.0,,303.0,118.0,218.0,110800.0,826.0,211.0,1961.0,29.2,13275.0,187.0,06,071,009904,2
42642.0,,752.0,106.0,601.0,104900.0,1131.0,1095.0,7081.0,27.1,14232.0,421.0,06,071,009904,3
26143.0,,559.0,46.0,156.0,141500.0,950.0,365.0,2692.0,29.3,12380.0,285.0,06,071,009905,1
18669.0,,179.0,36.0,0.0,104900.0,990.0,109.0,706.0,32.2,7986.0,119.0,06,071,009117,3
35217.0,,172.0,13.0,92.0,134300.0,938.0,266.0,1175.0,31.8,12492.0,110.0,06,071,012500,4
27012.0,,175.0,14.0,9.0,118100.0,1103.0,72.0,995.0,32.1,10573.0,38.0,06,071,012500,2
24286.0,,24.0,7.0,21.0,202800.0,797.0,63.0,343.0,23.2,7998.0,39.0,06,071,012500,3
23750.0,,95.0,21.0,42.0,99400.0,775.0,103.0,566.0,33.4,12834.0,44.0,06,071,012400,2
39150.0,,206.0,12.0,133.0,221800.0,1226.0,76.0,1165.0,37.5,12711.0,99.0,06,071,001309,2
49091.0,,392.0,38.0,176.0,246600.0,1043.0,79.0,2114.0,30.6,13472.0,114.0,06,071,001309,1
58246.0,,423.0,214.0,186.0,245400.0,1192.0,361.0,2631.0,27.8,18572.0,120.0,06,071,001308,1
66003.0,,198.0,292.0,185.0,285100.0,1147.0,324.0,2163.0,35.8,29393.0,14.0,06,071,002028,1
101925.0,,331.0,258.0,96.0,329800.0,1603.0,110.0,2649.0,34.1,31312.0,22.0,06,071,002028,2
80000.0,,268.0,66.0,152.0,277500.0,1466.0,73.0,1624.0,39.7,21817.0,56.0,06,071,002105,3
51389.0,,350.0,115.0,157.0,199700.0,1487.0,145.0,2226.0,23.6,12770.0,91.0,06,071,003612,1
49836.0,,275.0,198.0,75.0,191200.0,1787.0,98.0,1803.0,28.8,18029.0,61.0,06,071,002604,4
106364.0,,201.0,276.0,62.0,308400.0,2001.0,73.0,1799.0,36.3,34081.0,25.0,06,071,002031,1
97500.0,,172.0,517.0,93.0,294800.0,1662.0,32.0,2151.0,37.5,31355.0,5.0,06,071,007903,1
70000.0,,100.0,162.0,35.0,655500.0,-666666666.0,15.0,776.0,47.3,52785.0,0.0,06,071,000816,1
108661.0,,304.0,245.0,135.0,475200.0,-666666666.0,0.0,1730.0,49.2,33672.0,55.0,06,071,000816,2
61034.0,,299.0,92.0,0.0,179200.0,1532.0,164.0,1334.0,41.1,26892.0,29.0,06,071,010004,2
54965.0,,451.0,290.0,135.0,210200.0,1456.0,315.0,3143.0,41.5,24865.0,78.0,06,071,010004,5
16394.0,,225.0,0.0,123.0,250000.0,1728.0,239.0,1236.0,18.0,11170.0,30.0,06,071,010004,1
90592.0,,254.0,103.0,82.0,257000.0,1221.0,63.0,2316.0,36.1,34443.0,0.0,06,071,009711,1
78281.0,,392.0,232.0,208.0,239900.0,813.0,260.0,2413.0,43.8,31928.0,67.0,06,071,009711,4
44655.0,,156.0,95.0,31.0,135100.0,525.0,118.0,844.0,50.3,25174.0,28.0,06,071,009714,1
48693.0,,119.0,26.0,104.0,125700.0,698.0,74.0,1300.0,47.4,19499.0,83.0,06,071,009714,3
50227.0,,331.0,82.0,174.0,186600.0,1336.0,138.0,1912.0,31.9,22704.0,47.0,06,071,010022,2
45938.0,,453.0,134.0,142.0,136200.0,976.0,121.0,2422.0,34.8,18975.0,70.0,06,071,010024,2
58222.0,,137.0,47.0,39.0,171100.0,-666666666.0,50.0,959.0,32.3,16538.0,45.0,06,071,010024,1
46332.0,,303.0,41.0,251.0,91000.0,817.0,413.0,2217.0,31.7,17081.0,124.0,06,071,011800,1
78173.0,,257.0,23.0,44.0,387800.0,-666666666.0,0.0,1168.0,44.8,25898.0,36.0,06,071,000401,2
61064.0,,287.0,74.0,68.0,282700.0,-666666666.0,48.0,1499.0,30.2,19214.0,0.0,06,071,000401,1
38125.0,,112.0,124.0,41.0,317400.0,1336.0,148.0,1257.0,28.3,21121.0,14.0,06,071,000401,3
31743.0,,169.0,60.0,146.0,122400.0,861.0,385.0,1657.0,28.5,12812.0,39.0,06,071,003000,1
32885.0,,255.0,92.0,26.0,171200.0,775.0,230.0,1400.0,35.0,19898.0,53.0,06,071,008704,3
79130.0,,377.0,97.0,226.0,236600.0,-666666666.0,67.0,2190.0,26.3,25751.0,22.0,06,071,008704,2
38403.0,,289.0,0.0,110.0,106400.0,789.0,132.0,1432.0,26.6,14264.0,121.0,06,071,008704,5
46225.0,,352.0,53.0,160.0,151400.0,1061.0,254.0,1438.0,30.3,19593.0,51.0,06,071,008705,1
35731.0,,328.0,31.0,90.0,245200.0,1044.0,220.0,1197.0,30.1,19380.0,61.0,06,071,008705,3
61420.0,,128.0,92.0,96.0,242900.0,966.0,135.0,940.0,37.7,21552.0,43.0,06,071,008705,4
43906.0,,280.0,163.0,66.0,88000.0,859.0,208.0,1408.0,33.6,18230.0,141.0,06,071,009500,3
52788.0,,335.0,47.0,120.0,155900.0,1099.0,69.0,1972.0,29.1,18503.0,136.0,06,071,009713,1
82052.0,,252.0,50.0,78.0,162800.0,1071.0,36.0,1295.0,46.6,25638.0,53.0,06,071,009713,2
44150.0,,425.0,31.0,235.0,108900.0,1220.0,249.0,2425.0,43.1,19366.0,22.0,06,071,009713,3
61932.0,,136.0,17.0,58.0,160200.0,898.0,61.0,1139.0,24.1,14722.0,35.0,06,071,009713,4
19143.0,,210.0,17.0,84.0,154800.0,901.0,496.0,1344.0,38.5,37391.0,128.0,06,071,009716,3
37730.0,,520.0,114.0,229.0,88600.0,772.0,335.0,3222.0,29.8,19203.0,253.0,06,071,009716,1
26700.0,,382.0,22.0,226.0,139900.0,763.0,411.0,1992.0,30.6,11492.0,184.0,06,071,009716,2
50375.0,,326.0,195.0,155.0,206500.0,1220.0,210.0,2135.0,39.2,24336.0,96.0,06,071,002105,1
41563.0,,106.0,155.0,122.0,186100.0,1038.0,221.0,1204.0,26.1,17272.0,30.0,06,071,008404,1
21044.0,,282.0,14.0,93.0,12900.0,769.0,640.0,2100.0,26.6,9892.0,139.0,06,071,010020,3
104063.0,,260.0,411.0,84.0,658400.0,2001.0,47.0,2045.0,50.0,44874.0,8.0,06,071,002017,1
91875.0,,184.0,132.0,106.0,353100.0,-666666666.0,63.0,1414.0,36.9,34879.0,0.0,06,071,002021,3
32955.0,,217.0,36.0,158.0,332500.0,1009.0,443.0,2771.0,22.6,9140.0,153.0,06,071,001813,2
49353.0,,115.0,92.0,130.0,149300.0,768.0,256.0,1635.0,31.1,26735.0,0.0,06,071,009715,1
41840.0,,204.0,17.0,82.0,110200.0,600.0,124.0,1050.0,38.5,21334.0,58.0,06,071,011800,2
45250.0,,327.0,53.0,71.0,85700.0,1024.0,327.0,1769.0,41.7,16672.0,110.0,06,071,011800,3
83068.0,,135.0,149.0,132.0,239500.0,-666666666.0,71.0,1354.0,41.5,33326.0,53.0,06,071,009715,3
44853.0,,380.0,89.0,54.0,196500.0,845.0,157.0,1647.0,42.2,20178.0,88.0,06,071,009715,2
62782.0,,72.0,70.0,129.0,150300.0,1273.0,148.0,1174.0,25.9,21568.0,46.0,06,071,010012,1
50543.0,,295.0,118.0,193.0,164000.0,1120.0,163.0,1725.0,33.0,17791.0,67.0,06,071,010012,2
39455.0,,467.0,82.0,288.0,116400.0,1113.0,255.0,3185.0,29.3,14656.0,179.0,06,071,010015,1
47368.0,,424.0,150.0,172.0,124300.0,856.0,450.0,2252.0,29.0,25881.0,58.0,06,071,010409,1
20625.0,,265.0,56.0,70.0,99800.0,432.0,120.0,839.0,61.8,22626.0,20.0,06,071,010409,2
57333.0,,189.0,80.0,61.0,153600.0,884.0,91.0,726.0,53.5,29132.0,0.0,06,071,011900,4
66500.0,,27.0,87.0,14.0,119900.0,2001.0,57.0,530.0,24.5,16781.0,0.0,06,071,011900,2
134258.0,,0.0,164.0,18.0,378800.0,-666666666.0,16.0,774.0,46.6,45950.0,0.0,06,071,007302,6
94438.0,,154.0,456.0,45.0,369300.0,1249.0,360.0,2131.0,33.1,47393.0,17.0,06,071,007302,3
49737.0,,124.0,526.0,152.0,274200.0,1894.0,163.0,1960.0,54.5,31197.0,0.0,06,071,007302,4
113304.0,,78.0,84.0,40.0,407800.0,-666666666.0,0.0,961.0,46.0,38064.0,0.0,06,071,007302,2
30956.0,,321.0,22.0,116.0,121300.0,926.0,182.0,1244.0,36.2,13610.0,77.0,06,071,010010,2
46964.0,,267.0,53.0,66.0,146300.0,1697.0,103.0,1214.0,32.5,15943.0,67.0,06,071,010010,1
30991.0,,443.0,89.0,96.0,135500.0,962.0,357.0,2193.0,28.2,12306.0,162.0,06,071,010010,3
43576.0,,207.0,5.0,51.0,108500.0,958.0,109.0,1470.0,25.9,12098.0,48.0,06,071,010013,2
52949.0,,376.0,65.0,202.0,112100.0,1288.0,236.0,3091.0,31.4,15013.0,55.0,06,071,010013,4
35971.0,,420.0,157.0,205.0,117400.0,1073.0,748.0,2724.0,28.1,15078.0,145.0,06,071,010020,2
50795.0,,453.0,45.0,190.0,134300.0,1096.0,61.0,2351.0,26.1,15471.0,66.0,06,071,010020,1
56212.0,,165.0,132.0,0.0,164800.0,936.0,122.0,936.0,47.9,28879.0,13.0,06,071,010413,2
17292.0,,247.0,51.0,131.0,87300.0,711.0,137.0,956.0,52.0,14614.0,64.0,06,071,010416,3
32212.0,,249.0,48.0,37.0,107000.0,875.0,58.0,727.0,52.1,21211.0,10.0,06,071,010416,2
33750.0,,111.0,115.0,45.0,410000.0,790.0,80.0,703.0,39.4,28832.0,21.0,06,071,010802,4
36313.0,,175.0,43.0,32.0,190200.0,929.0,120.0,566.0,47.1,25681.0,22.0,06,071,010802,3
57961.0,,100.0,59.0,23.0,231700.0,1693.0,102.0,1169.0,29.0,16903.0,8.0,06,071,001810,3
58783.0,,572.0,207.0,184.0,270200.0,1408.0,317.0,3338.0,30.3,23282.0,64.0,06,071,001704,1
70380.0,,284.0,76.0,151.0,302700.0,991.0,197.0,2107.0,27.8,17366.0,74.0,06,071,001704,2
53594.0,,491.0,51.0,108.0,253900.0,1214.0,89.0,2539.0,30.2,13488.0,45.0,06,071,000605,2
26444.0,,191.0,33.0,56.0,222800.0,875.0,367.0,1580.0,31.5,14386.0,69.0,06,071,000605,1
96923.0,,131.0,252.0,19.0,370400.0,-666666666.0,45.0,2092.0,27.3,31059.0,49.0,06,071,001901,2
113068.0,,59.0,288.0,126.0,395800.0,2001.0,74.0,2018.0,31.2,28981.0,0.0,06,071,001901,3
109800.0,,257.0,267.0,55.0,349300.0,2001.0,99.0,1764.0,36.0,32594.0,0.0,06,071,001901,1
55995.0,,201.0,144.0,64.0,279700.0,1208.0,369.0,1987.0,30.3,18650.0,98.0,06,071,000903,2
27337.0,,206.0,56.0,201.0,265100.0,1002.0,461.0,1748.0,30.6,13601.0,71.0,06,071,000903,3
37986.0,,114.0,56.0,96.0,225000.0,1057.0,320.0,740.0,29.2,24199.0,17.0,06,071,000903,1
43255.0,,366.0,559.0,188.0,188500.0,1392.0,1396.0,3625.0,28.6,20174.0,135.0,06,071,000821,1
51406.0,,231.0,70.0,143.0,200000.0,1036.0,144.0,1025.0,30.5,11632.0,91.0,06,071,002801,3
62654.0,,369.0,119.0,337.0,174100.0,1645.0,179.0,2845.0,26.3,14246.0,96.0,06,071,002801,1
38388.0,,145.0,31.0,152.0,191300.0,1109.0,258.0,1811.0,22.8,11348.0,106.0,06,071,002801,2
41250.0,,153.0,24.0,200.0,155500.0,819.0,325.0,2126.0,29.9,14381.0,52.0,06,071,007603,3
23958.0,,185.0,47.0,67.0,172800.0,812.0,241.0,1035.0,42.1,18368.0,0.0,06,071,007603,2
67143.0,,211.0,28.0,8.0,126700.0,914.0,254.0,1491.0,35.6,31348.0,78.0,06,071,010419,3
51250.0,,544.0,121.0,105.0,240600.0,793.0,147.0,1944.0,36.6,15883.0,27.0,06,071,008601,3
100625.0,,177.0,40.0,148.0,285000.0,1368.0,44.0,1063.0,43.1,30359.0,19.0,06,071,004503,2
32917.0,,154.0,39.0,185.0,108900.0,1131.0,185.0,2088.0,23.5,7326.0,121.0,06,071,004900,2
22922.0,,134.0,18.0,214.0,98600.0,777.0,489.0,2499.0,23.9,7168.0,311.0,06,071,004900,3
11515.0,,156.0,22.0,70.0,168500.0,421.0,255.0,984.0,23.2,7781.0,114.0,06,071,005800,3
31990.0,,244.0,13.0,113.0,114200.0,1008.0,190.0,1237.0,39.9,14113.0,80.0,06,071,004700,1
31146.0,,164.0,6.0,108.0,130300.0,813.0,172.0,1417.0,27.0,12224.0,120.0,06,071,004800,1
23750.0,,268.0,11.0,115.0,109800.0,895.0,292.0,1966.0,25.3,6688.0,209.0,06,071,004800,2
41082.0,,254.0,130.0,120.0,156000.0,1043.0,320.0,1259.0,36.6,19563.0,81.0,06,071,005100,5
98750.0,,233.0,88.0,64.0,157700.0,990.0,167.0,1034.0,30.2,24321.0,68.0,06,071,005100,3
83929.0,,182.0,30.0,23.0,216200.0,-666666666.0,16.0,704.0,35.4,23080.0,33.0,06,071,005100,2
34063.0,,39.0,53.0,52.0,122900.0,730.0,104.0,1021.0,28.3,14457.0,110.0,06,071,005100,7
59138.0,,289.0,47.0,143.0,154900.0,1729.0,85.0,1729.0,32.2,16337.0,13.0,06,071,005100,4
37131.0,,167.0,26.0,142.0,93600.0,1137.0,301.0,2214.0,21.8,9250.0,104.0,06,071,006402,2
71250.0,,107.0,265.0,10.0,250300.0,890.0,111.0,1137.0,30.2,24863.0,0.0,06,071,008402,1
64196.0,,204.0,127.0,57.0,210500.0,590.0,71.0,1356.0,47.4,30417.0,57.0,06,071,008402,3
104412.0,,227.0,316.0,85.0,236200.0,-666666666.0,15.0,2417.0,39.1,35773.0,29.0,06,071,008402,2
24245.0,,348.0,81.0,144.0,68700.0,677.0,500.0,2296.0,31.0,13498.0,255.0,06,071,009400,2
39097.0,,940.0,287.0,108.0,171700.0,1159.0,431.0,3174.0,68.6,32659.0,22.0,06,071,009707,1
37969.0,,198.0,47.0,88.0,219700.0,791.0,136.0,939.0,49.7,23827.0,58.0,06,071,009708,1
61818.0,,172.0,188.0,22.0,219200.0,1336.0,55.0,1066.0,48.9,22546.0,24.0,06,071,007404,1
49485.0,,168.0,28.0,101.0,126200.0,1178.0,112.0,762.0,35.4,21473.0,34.0,06,071,010802,2
95625.0,,83.0,147.0,83.0,217800.0,-666666666.0,14.0,1014.0,38.1,25440.0,0.0,06,071,007404,2
52381.0,,152.0,96.0,60.0,85600.0,1125.0,88.0,886.0,54.6,34763.0,11.0,06,071,007404,4
94773.0,,75.0,190.0,17.0,225500.0,-666666666.0,54.0,735.0,49.2,37959.0,11.0,06,071,007404,3
36629.0,,142.0,91.0,148.0,139200.0,941.0,207.0,1672.0,29.6,14463.0,153.0,06,071,007000,2
16976.0,,162.0,11.0,100.0,48100.0,801.0,322.0,1258.0,25.1,8024.0,135.0,06,071,005800,1
39185.0,,183.0,0.0,214.0,132900.0,836.0,209.0,2197.0,24.6,9696.0,67.0,06,071,007000,1
24399.0,,207.0,0.0,159.0,88300.0,861.0,465.0,1861.0,24.2,10552.0,208.0,06,071,007000,3
58571.0,,113.0,41.0,48.0,129700.0,920.0,12.0,493.0,46.6,24344.0,11.0,06,071,005200,3
72917.0,,104.0,129.0,24.0,171100.0,1435.0,85.0,751.0,38.2,29539.0,6.0,06,071,005200,4
29375.0,,261.0,44.0,121.0,201400.0,929.0,350.0,1254.0,29.5,17787.0,89.0,06,071,005200,1
39830.0,,72.0,70.0,0.0,196300.0,-666666666.0,41.0,522.0,53.1,23955.0,41.0,06,071,006100,7
37054.0,,206.0,0.0,60.0,211500.0,-666666666.0,64.0,1224.0,19.5,8669.0,64.0,06,071,006100,4
59609.0,,164.0,79.0,37.0,199200.0,-666666666.0,23.0,948.0,25.7,18489.0,23.0,06,071,006100,2
39861.0,,71.0,24.0,57.0,134400.0,1094.0,45.0,817.0,31.9,14970.0,30.0,06,071,006700,3
52460.0,,162.0,22.0,80.0,153300.0,1125.0,99.0,1222.0,26.8,16939.0,30.0,06,071,006700,2
35286.0,,110.0,10.0,48.0,213900.0,1088.0,230.0,1132.0,24.7,10445.0,53.0,06,071,006700,4
37500.0,,89.0,29.0,29.0,211100.0,1704.0,104.0,758.0,34.6,30773.0,29.0,06,071,010004,3
26270.0,,255.0,6.0,102.0,112300.0,845.0,318.0,2010.0,25.2,7610.0,126.0,06,071,010014,3
29400.0,,260.0,25.0,112.0,92300.0,677.0,354.0,1775.0,26.8,10707.0,93.0,06,071,010014,2
31683.0,,244.0,0.0,220.0,115900.0,906.0,128.0,1316.0,25.6,10338.0,101.0,06,071,010014,1
39828.0,,609.0,100.0,219.0,123800.0,984.0,485.0,3301.0,29.7,13308.0,192.0,06,071,010016,1
57895.0,,335.0,54.0,299.0,133100.0,1243.0,204.0,2384.0,28.7,14711.0,139.0,06,071,010016,2
97283.0,,276.0,221.0,111.0,353800.0,-666666666.0,94.0,2398.0,31.7,26009.0,0.0,06,071,010017,3
59509.0,,1250.0,488.0,980.0,172000.0,1669.0,785.0,9949.0,26.9,18169.0,392.0,06,071,010017,2
67097.0,,332.0,35.0,135.0,296700.0,-666666666.0,104.0,2231.0,47.2,33212.0,63.0,06,071,010017,1
37039.0,,154.0,19.0,151.0,162500.0,996.0,293.0,2023.0,22.3,8590.0,98.0,06,071,003200,1
59868.0,,204.0,124.0,121.0,198500.0,1536.0,26.0,1324.0,29.4,15536.0,68.0,06,071,003200,6
31563.0,,135.0,19.0,54.0,186900.0,1109.0,137.0,778.0,34.1,12248.0,27.0,06,071,003200,5
56667.0,,345.0,74.0,64.0,199100.0,1662.0,83.0,1282.0,43.8,18951.0,0.0,06,071,003200,2
52969.0,,314.0,23.0,204.0,174800.0,1250.0,66.0,1693.0,31.2,13907.0,49.0,06,071,003200,3
51927.0,,136.0,22.0,146.0,203900.0,1690.0,36.0,1447.0,31.1,14860.0,26.0,06,071,003200,4
37935.0,,414.0,194.0,385.0,155500.0,957.0,567.0,3424.0,34.0,17869.0,86.0,06,071,010411,2
51708.0,,147.0,12.0,110.0,178900.0,1141.0,101.0,1017.0,46.0,26117.0,0.0,06,071,010411,1
31075.0,,123.0,71.0,129.0,37300.0,702.0,379.0,1412.0,30.0,13528.0,102.0,06,071,010411,3
32083.0,,255.0,64.0,142.0,108700.0,909.0,379.0,2173.0,28.7,9527.0,205.0,06,071,007601,1
26075.0,,274.0,13.0,226.0,69500.0,1030.0,256.0,1834.0,22.9,7572.0,166.0,06,071,007601,2
55972.0,,199.0,100.0,108.0,129900.0,1533.0,95.0,1615.0,35.7,23788.0,25.0,06,071,010009,1
65143.0,,139.0,135.0,89.0,186300.0,1366.0,105.0,1451.0,40.8,24275.0,0.0,06,071,007403,4
44754.0,,225.0,114.0,58.0,143800.0,900.0,166.0,1232.0,37.3,27350.0,0.0,06,071,007403,2
75865.0,,141.0,97.0,109.0,191300.0,-666666666.0,19.0,821.0,45.2,29095.0,29.0,06,071,007403,5
25735.0,,152.0,0.0,186.0,101800.0,867.0,271.0,2057.0,24.3,7869.0,146.0,06,071,006500,3
24879.0,,335.0,41.0,102.0,-666666666.0,857.0,441.0,2275.0,28.6,7157.0,101.0,06,071,006500,4
26288.0,,176.0,0.0,95.0,137500.0,964.0,349.0,1759.0,22.5,8001.0,179.0,06,071,006500,1
32750.0,,84.0,54.0,102.0,100400.0,957.0,153.0,1000.0,29.8,11635.0,84.0,06,071,006500,2
82875.0,,318.0,221.0,93.0,231100.0,1570.0,86.0,1608.0,41.6,27168.0,18.0,06,071,007106,4
74097.0,,107.0,99.0,55.0,227100.0,-666666666.0,6.0,1009.0,36.3,26981.0,0.0,06,071,007106,1
76607.0,,25.0,136.0,45.0,239600.0,1720.0,99.0,929.0,47.9,28949.0,12.0,06,071,007104,4
61625.0,,193.0,79.0,79.0,223200.0,1496.0,111.0,1440.0,38.4,35665.0,0.0,06,071,007104,3
73529.0,,213.0,233.0,94.0,253000.0,-666666666.0,25.0,1419.0,38.9,33366.0,41.0,06,071,007105,2
36607.0,,290.0,61.0,134.0,66500.0,525.0,153.0,1404.0,36.9,18468.0,80.0,06,071,000808,3
103088.0,,290.0,204.0,40.0,359800.0,1438.0,23.0,1490.0,50.0,40043.0,22.0,06,071,000808,1
43125.0,,296.0,119.0,127.0,341100.0,1194.0,267.0,1724.0,33.0,20757.0,83.0,06,071,000808,2
62440.0,,329.0,101.0,154.0,200000.0,1237.0,91.0,2036.0,36.8,24033.0,31.0,06,071,008708,2
47147.0,,700.0,105.0,92.0,153300.0,1151.0,153.0,1998.0,53.3,24895.0,65.0,06,071,009107,3
31676.0,,540.0,197.0,106.0,169600.0,-666666666.0,215.0,2227.0,52.2,25401.0,70.0,06,071,009107,1
38333.0,,121.0,26.0,90.0,111600.0,1014.0,115.0,1093.0,40.1,14581.0,14.0,06,071,010011,1
45774.0,,316.0,226.0,15.0,208600.0,1055.0,176.0,1789.0,44.7,19115.0,65.0,06,071,007200,4
45463.0,,111.0,129.0,80.0,217200.0,1059.0,320.0,1182.0,27.1,23324.0,42.0,06,071,007106,3
49130.0,,98.0,91.0,6.0,193800.0,1613.0,166.0,563.0,50.2,32469.0,0.0,06,071,007106,2
45625.0,,324.0,82.0,90.0,149400.0,896.0,198.0,1793.0,26.8,12757.0,62.0,06,071,007200,3
40833.0,,123.0,252.0,84.0,94200.0,1123.0,255.0,1761.0,34.2,19226.0,129.0,06,071,007200,1
69047.0,,215.0,42.0,59.0,200700.0,1358.0,201.0,2009.0,21.9,22551.0,9.0,06,071,004504,1
86230.0,,107.0,220.0,32.0,235700.0,1677.0,102.0,1956.0,35.6,27745.0,0.0,06,071,004504,2
47083.0,,104.0,25.0,74.0,118200.0,1214.0,65.0,722.0,29.9,16730.0,0.0,06,071,005300,5
31458.0,,86.0,47.0,28.0,108800.0,1134.0,108.0,926.0,24.9,9671.0,84.0,06,071,005300,2
34583.0,,110.0,27.0,96.0,122300.0,808.0,167.0,1033.0,23.0,9309.0,70.0,06,071,005300,3
36983.0,,394.0,49.0,91.0,120800.0,733.0,135.0,1718.0,41.5,16583.0,78.0,06,071,011700,1
52299.0,,82.0,274.0,24.0,152000.0,980.0,359.0,1511.0,30.6,24290.0,80.0,06,071,007800,1
76923.0,,155.0,26.0,97.0,201700.0,1510.0,96.0,792.0,31.2,32089.0,9.0,06,071,008800,4
34228.0,,95.0,116.0,82.0,167400.0,940.0,267.0,1170.0,27.9,16245.0,118.0,06,071,008800,2
60777.0,,376.0,164.0,147.0,197600.0,1177.0,364.0,3044.0,29.1,20873.0,110.0,06,071,008800,3
41071.0,,171.0,7.0,93.0,76400.0,896.0,172.0,1329.0,27.6,14566.0,11.0,06,071,009800,4
12026.0,,81.0,8.0,42.0,9999.0,635.0,180.0,652.0,28.0,7804.0,83.0,06,071,009800,2
71488.0,,156.0,74.0,128.0,146300.0,1230.0,113.0,1423.0,33.7,23887.0,15.0,06,071,010009,2
31667.0,,380.0,64.0,255.0,98200.0,934.0,433.0,2436.0,28.5,10216.0,177.0,06,071,005400,4
28222.0,,161.0,10.0,168.0,145000.0,811.0,274.0,1772.0,28.3,10290.0,136.0,06,071,005400,1
25423.0,,312.0,11.0,363.0,96400.0,833.0,652.0,2767.0,25.5,9213.0,275.0,06,071,005500,1
20220.0,,161.0,23.0,231.0,117600.0,844.0,280.0,1504.0,20.5,6549.0,193.0,06,071,005500,3
14554.0,,59.0,12.0,25.0,219600.0,693.0,220.0,1057.0,21.2,7509.0,134.0,06,071,005500,5
27054.0,,440.0,65.0,288.0,108500.0,1147.0,304.0,2055.0,26.9,11980.0,101.0,06,071,004202,1
56477.0,,255.0,23.0,214.0,155000.0,1350.0,88.0,1858.0,34.0,15883.0,72.0,06,071,004401,2
21178.0,,176.0,15.0,47.0,20900.0,-666666666.0,54.0,629.0,43.7,12481.0,63.0,06,071,004401,1
60227.0,,354.0,88.0,58.0,112900.0,993.0,194.0,1912.0,36.0,16134.0,40.0,06,071,006302,1
17875.0,,244.0,30.0,155.0,125000.0,1082.0,357.0,2148.0,29.6,6418.0,284.0,06,071,006302,3
44677.0,,369.0,30.0,266.0,110000.0,965.0,199.0,2079.0,18.8,10477.0,90.0,06,071,006302,5
32807.0,,214.0,30.0,159.0,122300.0,1219.0,253.0,1639.0,26.2,8585.0,154.0,06,071,006302,2
22984.0,,263.0,13.0,170.0,98300.0,888.0,324.0,1833.0,28.0,10934.0,169.0,06,071,010011,3
91188.0,,111.0,108.0,98.0,365500.0,-666666666.0,41.0,783.0,40.1,28911.0,12.0,06,071,000109,2
88894.0,,134.0,348.0,89.0,402400.0,-666666666.0,35.0,1358.0,35.3,31791.0,0.0,06,071,000109,1
86528.0,,129.0,401.0,73.0,463700.0,1307.0,197.0,2197.0,44.1,45327.0,0.0,06,071,000804,2
40086.0,,269.0,94.0,57.0,268300.0,1486.0,201.0,1032.0,47.4,29226.0,34.0,06,071,001702,3
93500.0,,148.0,155.0,217.0,353300.0,-666666666.0,15.0,1762.0,32.9,26295.0,0.0,06,071,001702,2
105333.0,,90.0,40.0,58.0,222900.0,-666666666.0,13.0,444.0,29.9,30245.0,0.0,06,071,007901,1
132692.0,,177.0,212.0,57.0,371500.0,-666666666.0,15.0,1509.0,45.1,45129.0,13.0,06,071,007901,3
124784.0,,453.0,731.0,148.0,359000.0,2001.0,126.0,5272.0,34.3,39044.0,42.0,06,071,007901,4
98362.0,,64.0,93.0,19.0,227300.0,1109.0,119.0,983.0,30.5,40417.0,0.0,06,071,008301,1
93289.0,,212.0,321.0,44.0,298600.0,1612.0,188.0,1537.0,41.3,38687.0,0.0,06,071,008301,2
106667.0,,153.0,320.0,61.0,336100.0,-666666666.0,18.0,1547.0,46.0,37706.0,19.0,06,071,008301,4
50962.0,,230.0,350.0,136.0,-666666666.0,1219.0,770.0,1483.0,34.4,31063.0,0.0,06,071,008301,3
160699.0,,84.0,257.0,0.0,409500.0,749.0,73.0,1182.0,57.9,66166.0,0.0,06,071,008301,5
22688.0,,102.0,63.0,200.0,175500.0,556.0,426.0,2228.0,21.2,9261.0,213.0,06,071,004201,3
30673.0,,102.0,12.0,40.0,185000.0,1015.0,159.0,1084.0,27.1,12325.0,64.0,06,071,004201,2
51655.0,,108.0,22.0,15.0,139200.0,1088.0,105.0,948.0,31.9,12988.0,39.0,06,071,006201,1
52891.0,,474.0,80.0,142.0,158300.0,1120.0,127.0,2042.0,51.1,23966.0,12.0,06,071,006201,3
47917.0,,62.0,15.0,50.0,100300.0,-666666666.0,38.0,480.0,42.1,12651.0,31.0,06,071,006201,2
31184.0,,105.0,32.0,53.0,104200.0,905.0,221.0,1111.0,23.5,9027.0,52.0,06,071,007407,2
48216.0,,249.0,104.0,133.0,112300.0,1004.0,293.0,1720.0,26.3,18172.0,90.0,06,071,010415,1
23750.0,,294.0,135.0,233.0,114200.0,840.0,313.0,1323.0,35.3,12491.0,91.0,06,071,010415,3
58136.0,,53.0,42.0,50.0,132000.0,1151.0,105.0,1124.0,40.3,22516.0,35.0,06,071,011600,1
70000.0,,479.0,470.0,157.0,198300.0,1308.0,280.0,3114.0,40.7,29472.0,87.0,06,071,011600,3
35815.0,,130.0,39.0,5.0,48200.0,795.0,41.0,584.0,67.4,25686.0,0.0,06,071,940100,1
124250.0,,99.0,201.0,83.0,565400.0,1769.0,14.0,1347.0,39.7,38433.0,0.0,06,071,000108,1
82159.0,,108.0,316.0,37.0,461100.0,1601.0,212.0,1173.0,35.6,46956.0,6.0,06,071,000108,2
37344.0,,235.0,60.0,98.0,129500.0,1158.0,79.0,1610.0,33.8,11218.0,54.0,06,071,006301,1
24048.0,,338.0,42.0,101.0,150500.0,945.0,516.0,2278.0,37.2,9937.0,178.0,06,071,006301,3
37083.0,,143.0,21.0,88.0,123100.0,746.0,150.0,890.0,28.6,10368.0,24.0,06,071,006301,4
13333.0,,3.0,13.0,63.0,-666666666.0,278.0,222.0,695.0,19.3,5241.0,119.0,06,071,006401,1
59923.0,,496.0,355.0,124.0,230400.0,1325.0,348.0,3863.0,30.4,21869.0,122.0,06,071,008001,3
47898.0,,461.0,53.0,35.0,149800.0,1100.0,339.0,1959.0,28.6,16711.0,80.0,06,071,008001,2
110694.0,,31.0,220.0,34.0,298100.0,966.0,25.0,868.0,50.6,45984.0,0.0,06,071,008302,1
91322.0,,305.0,257.0,65.0,447900.0,1577.0,88.0,2168.0,44.6,36803.0,58.0,06,071,000815,2
96304.0,,177.0,106.0,26.0,310100.0,-666666666.0,9.0,972.0,36.1,28548.0,0.0,06,071,000403,1
60333.0,,404.0,110.0,111.0,231800.0,985.0,174.0,1805.0,37.4,23983.0,21.0,06,071,000403,2
96250.0,,282.0,184.0,88.0,416300.0,1104.0,74.0,1673.0,37.0,29051.0,23.0,06,071,000403,3
18675.0,,413.0,60.0,80.0,60100.0,885.0,193.0,1738.0,45.5,12083.0,171.0,06,071,010423,2
50253.0,,257.0,142.0,49.0,173000.0,1094.0,228.0,2294.0,41.4,27276.0,115.0,06,071,009708,2
57532.0,,220.0,92.0,104.0,288400.0,-666666666.0,77.0,1709.0,45.3,17443.0,0.0,06,071,007403,1
53194.0,,314.0,93.0,101.0,116100.0,924.0,435.0,2287.0,25.2,15949.0,91.0,06,071,007403,3
29179.0,,192.0,86.0,96.0,164800.0,1088.0,415.0,1627.0,21.5,13026.0,97.0,06,071,000824,1
116652.0,,85.0,322.0,28.0,602200.0,-666666666.0,0.0,1078.0,52.4,46323.0,0.0,06,071,000814,4
57454.0,,234.0,148.0,88.0,382700.0,1586.0,79.0,1501.0,38.6,32007.0,24.0,06,071,009202,1
75179.0,,435.0,58.0,183.0,181900.0,1339.0,74.0,2535.0,28.1,16082.0,31.0,06,071,002502,3
80574.0,,636.0,73.0,103.0,169400.0,1396.0,125.0,2568.0,35.0,23934.0,9.0,06,071,010023,1
27944.0,,200.0,65.0,50.0,152000.0,911.0,142.0,1023.0,52.4,18673.0,7.0,06,071,010300,2
57750.0,,313.0,108.0,71.0,278900.0,1396.0,55.0,936.0,52.9,29184.0,0.0,06,071,011300,2
63000.0,,125.0,495.0,29.0,257000.0,1625.0,377.0,2004.0,34.6,27222.0,103.0,06,071,000103,3
53728.0,,229.0,58.0,151.0,166800.0,1299.0,167.0,1798.0,39.4,21076.0,14.0,06,071,010004,4
54076.0,,110.0,54.0,117.0,71800.0,-666666666.0,18.0,1093.0,28.0,15173.0,14.0,06,071,004900,1
16818.0,,248.0,6.0,116.0,113500.0,830.0,246.0,1333.0,27.7,9095.0,131.0,06,071,004900,4
17064.0,,144.0,16.0,38.0,126000.0,849.0,292.0,1104.0,29.9,9069.0,124.0,06,071,005800,2
34352.0,,119.0,22.0,15.0,113000.0,924.0,127.0,637.0,26.9,16962.0,12.0,06,071,007000,4
53500.0,,96.0,56.0,124.0,146400.0,1605.0,176.0,1210.0,24.6,15286.0,63.0,06,071,005200,2
52297.0,,410.0,80.0,157.0,120700.0,1168.0,274.0,2716.0,28.7,16933.0,102.0,06,071,006100,6
45438.0,,316.0,121.0,177.0,173900.0,1394.0,192.0,2106.0,30.9,15786.0,57.0,06,071,006100,3
68607.0,,79.0,64.0,0.0,258900.0,-666666666.0,37.0,548.0,42.1,42755.0,0.0,06,071,006100,1
42961.0,,135.0,21.0,156.0,158400.0,827.0,133.0,1313.0,24.4,12879.0,105.0,06,071,006700,1
26763.0,,124.0,17.0,117.0,142900.0,863.0,197.0,1445.0,28.5,10977.0,115.0,06,071,001600,4
26222.0,,16.0,0.0,47.0,-666666666.0,996.0,90.0,436.0,19.0,7429.0,28.0,06,071,001600,2
51979.0,,387.0,174.0,12.0,269500.0,1134.0,140.0,2061.0,27.5,17374.0,90.0,06,071,000301,1
53750.0,,123.0,24.0,84.0,173400.0,1300.0,100.0,1653.0,25.2,11185.0,45.0,06,071,002502,4
76645.0,,84.0,79.0,0.0,288700.0,-666666666.0,36.0,880.0,37.0,30928.0,0.0,06,071,010902,1
71901.0,,167.0,217.0,21.0,446400.0,-666666666.0,81.0,1373.0,47.1,40562.0,0.0,06,071,008703,2
72250.0,,251.0,269.0,112.0,303500.0,1453.0,194.0,1708.0,33.4,26395.0,9.0,06,071,001703,1
55956.0,,291.0,234.0,99.0,173500.0,1317.0,276.0,2017.0,31.9,26403.0,33.0,06,071,010416,1
61685.0,,269.0,67.0,100.0,275400.0,1225.0,127.0,1665.0,37.4,19831.0,114.0,06,071,010802,1
55458.0,,168.0,73.0,57.0,155000.0,767.0,128.0,828.0,54.1,24305.0,10.0,06,071,010802,5
59000.0,,151.0,82.0,37.0,210700.0,980.0,128.0,728.0,44.5,26828.0,0.0,06,071,007404,5
109635.0,,272.0,143.0,68.0,337800.0,-666666666.0,14.0,1220.0,45.2,35410.0,0.0,06,071,007901,2
78768.0,,276.0,140.0,106.0,207400.0,-666666666.0,22.0,1734.0,53.9,31110.0,0.0,06,071,011800,4
36649.0,,287.0,124.0,140.0,129600.0,684.0,154.0,2161.0,35.6,19342.0,91.0,06,071,010022,1
48333.0,,328.0,99.0,89.0,217200.0,1119.0,93.0,1934.0,38.3,24894.0,65.0,06,071,010024,3
109278.0,,254.0,235.0,44.0,243100.0,-666666666.0,30.0,1652.0,47.5,37798.0,25.0,06,071,009715,4
89762.0,,472.0,260.0,126.0,203200.0,1962.0,180.0,2052.0,50.0,37869.0,19.0,06,071,009715,5
49233.0,,399.0,104.0,73.0,165900.0,951.0,97.0,1948.0,42.4,18501.0,76.0,06,071,010012,3
76719.0,,294.0,233.0,346.0,352800.0,1782.0,148.0,2224.0,36.8,23964.0,52.0,06,071,000109,4
30383.0,,321.0,118.0,228.0,142200.0,771.0,1221.0,3817.0,23.2,16874.0,284.0,06,071,010421,2
119773.0,,191.0,714.0,170.0,547300.0,2001.0,92.0,2703.0,37.1,40734.0,80.0,06,071,000105,2
48750.0,,207.0,109.0,234.0,145200.0,1541.0,324.0,1689.0,34.4,17796.0,90.0,06,071,000201,2
61285.0,,256.0,25.0,187.0,147300.0,1281.0,84.0,1767.0,24.7,14868.0,24.0,06,071,003900,3
18264.0,,208.0,11.0,82.0,88200.0,872.0,185.0,1144.0,25.0,9332.0,111.0,06,071,005600,1
17868.0,,94.0,0.0,158.0,141300.0,826.0,268.0,1208.0,23.3,7974.0,156.0,06,071,005600,5
48000.0,,155.0,9.0,60.0,27400.0,767.0,41.0,667.0,39.3,20511.0,28.0,06,071,007107,2
108487.0,,394.0,437.0,260.0,561600.0,2001.0,142.0,2963.0,39.0,38956.0,18.0,06,071,000111,1
50000.0,,265.0,98.0,88.0,123800.0,1405.0,87.0,1917.0,24.0,12327.0,73.0,06,071,000303,3
65150.0,,292.0,208.0,95.0,306400.0,1755.0,163.0,2207.0,33.5,27305.0,0.0,06,071,000812,1
54519.0,,243.0,40.0,257.0,144700.0,1315.0,55.0,1695.0,29.4,17629.0,41.0,06,071,010010,4
41944.0,,391.0,5.0,115.0,125700.0,1367.0,229.0,2217.0,30.3,18025.0,91.0,06,071,010013,1
49063.0,,170.0,1.0,114.0,148900.0,1085.0,65.0,1564.0,38.9,19536.0,66.0,06,071,010013,3
40938.0,,411.0,115.0,233.0,104100.0,768.0,506.0,2706.0,28.7,16086.0,132.0,06,071,010413,1
28971.0,,181.0,9.0,64.0,61300.0,798.0,126.0,1421.0,28.2,9415.0,98.0,06,071,007601,4
30503.0,,286.0,29.0,186.0,112500.0,934.0,337.0,1811.0,22.5,8760.0,170.0,06,071,007601,3
73261.0,,240.0,122.0,49.0,190800.0,846.0,69.0,1095.0,40.3,21378.0,26.0,06,071,003403,3
31667.0,,305.0,63.0,65.0,121900.0,1365.0,133.0,1864.0,27.5,8451.0,96.0,06,071,004103,2
44297.0,,197.0,13.0,104.0,179800.0,1032.0,223.0,2309.0,23.2,10925.0,137.0,06,071,004003,1
57500.0,,320.0,165.0,124.0,419600.0,1150.0,426.0,2698.0,37.3,32298.0,69.0,06,071,000404,1
25208.0,,39.0,8.0,82.0,-666666666.0,1010.0,215.0,959.0,20.1,7119.0,137.0,06,071,002804,2
48542.0,,165.0,33.0,89.0,119400.0,1252.0,205.0,1011.0,26.7,15617.0,50.0,06,071,003405,2
30795.0,,372.0,15.0,336.0,143800.0,959.0,545.0,2530.0,26.5,10208.0,138.0,06,071,003510,1
71905.0,,245.0,282.0,108.0,331700.0,1186.0,276.0,2154.0,36.0,36984.0,0.0,06,071,008401,3
50625.0,,340.0,127.0,28.0,146200.0,-666666666.0,104.0,1470.0,47.9,32642.0,29.0,06,071,008401,4
77470.0,,350.0,156.0,87.0,330900.0,1844.0,99.0,1971.0,45.0,37412.0,21.0,06,071,008703,4
80000.0,,81.0,87.0,45.0,365500.0,1052.0,126.0,1014.0,44.1,43210.0,0.0,06,071,007104,1
47745.0,,102.0,147.0,106.0,285700.0,1105.0,447.0,1492.0,27.3,19942.0,99.0,06,071,007105,1
82110.0,,217.0,173.0,72.0,315600.0,1575.0,70.0,1218.0,35.1,25527.0,7.0,06,071,000808,4
76250.0,,94.0,99.0,144.0,215800.0,-666666666.0,54.0,1272.0,36.1,32088.0,26.0,06,071,008708,3
26356.0,,296.0,23.0,152.0,91400.0,1135.0,215.0,1376.0,48.2,31637.0,59.0,06,071,009107,2
26393.0,,268.0,39.0,93.0,109200.0,978.0,278.0,2005.0,22.5,10683.0,137.0,06,071,010011,2
55227.0,,236.0,60.0,88.0,244600.0,1406.0,100.0,1363.0,30.8,19380.0,32.0,06,071,002501,4
60341.0,,256.0,10.0,227.0,167700.0,-666666666.0,64.0,1554.0,31.1,14631.0,14.0,06,071,002301,4
56574.0,,191.0,16.0,143.0,179400.0,1534.0,97.0,1416.0,25.8,14489.0,13.0,06,071,002501,1
38833.0,,299.0,34.0,277.0,177100.0,950.0,113.0,1823.0,27.0,10454.0,66.0,06,071,003401,2
30391.0,,126.0,0.0,146.0,240900.0,1085.0,144.0,1153.0,25.3,10693.0,85.0,06,071,002204,1
52500.0,,405.0,31.0,130.0,214400.0,1091.0,267.0,1804.0,28.0,14648.0,38.0,06,071,000304,3
118667.0,,14.0,257.0,11.0,470100.0,2001.0,57.0,1133.0,49.1,56961.0,8.0,06,071,008500,2
113877.0,,92.0,421.0,83.0,448700.0,1786.0,40.0,2219.0,46.2,50125.0,12.0,06,071,008500,3
24323.0,,151.0,54.0,14.0,78200.0,653.0,259.0,1185.0,24.4,13932.0,77.0,06,071,009500,1
55900.0,,178.0,10.0,22.0,99000.0,1113.0,166.0,1248.0,37.1,20054.0,45.0,06,071,009500,2
62309.0,,143.0,39.0,59.0,188300.0,1750.0,80.0,1277.0,22.8,13352.0,34.0,06,071,002401,3
40457.0,,168.0,48.0,142.0,170500.0,1225.0,355.0,1857.0,28.0,13275.0,61.0,06,071,002402,4
42750.0,,135.0,9.0,60.0,163400.0,1628.0,79.0,1030.0,25.3,11667.0,23.0,06,071,002402,3
49194.0,,67.0,109.0,106.0,179700.0,1234.0,318.0,1402.0,24.8,16756.0,50.0,06,071,004601,2
55813.0,,136.0,67.0,68.0,-666666666.0,1175.0,511.0,962.0,27.0,31800.0,12.0,06,071,004601,3
25500.0,,75.0,26.0,33.0,58300.0,1069.0,41.0,486.0,35.9,10182.0,63.0,06,071,004700,3
87500.0,,316.0,315.0,79.0,332400.0,1890.0,106.0,2142.0,43.3,41285.0,33.0,06,071,000401,4
42238.0,,459.0,117.0,166.0,168800.0,1056.0,171.0,2285.0,48.7,25253.0,50.0,06,071,008704,4
61696.0,,149.0,82.0,18.0,178600.0,1865.0,89.0,1244.0,50.4,25262.0,11.0,06,071,008704,1
36125.0,,158.0,29.0,69.0,173800.0,1117.0,191.0,1083.0,39.3,18908.0,0.0,06,071,008705,2
51875.0,,192.0,136.0,95.0,245200.0,1068.0,402.0,1288.0,33.7,18543.0,63.0,06,071,000824,2
16313.0,,282.0,25.0,162.0,33100.0,750.0,471.0,2192.0,22.0,7042.0,267.0,06,071,009116,3
41203.0,,1495.0,298.0,705.0,98300.0,1253.0,570.0,8451.0,24.7,11770.0,460.0,06,071,009112,1
22926.0,,414.0,57.0,127.0,89900.0,769.0,444.0,1763.0,37.5,12674.0,163.0,06,071,004505,3
38813.0,,293.0,109.0,150.0,288000.0,944.0,397.0,2060.0,31.1,22531.0,153.0,06,071,004603,4
59844.0,,285.0,0.0,94.0,79500.0,903.0,41.0,1090.0,32.8,17456.0,60.0,06,071,004301,2
34779.0,,278.0,29.0,163.0,167200.0,1486.0,66.0,1611.0,34.9,16314.0,89.0,06,071,003611,2
21845.0,,172.0,8.0,208.0,131400.0,847.0,324.0,1590.0,28.7,13316.0,252.0,06,071,004604,2
39531.0,,49.0,56.0,15.0,74200.0,691.0,48.0,798.0,31.3,15898.0,16.0,06,071,004404,2
31500.0,,285.0,0.0,120.0,49600.0,959.0,291.0,3088.0,22.7,9423.0,221.0,06,071,004403,3
42279.0,,139.0,159.0,94.0,279700.0,1209.0,217.0,1418.0,35.3,25013.0,19.0,06,071,000826,3
-666666666.0,,448.0,42.0,0.0,-666666666.0,-666666666.0,0.0,4290.0,38.1,6301.0,0.0,06,071,980200,1
50824.0,,390.0,261.0,102.0,247600.0,1130.0,548.0,2554.0,30.1,19504.0,111.0,06,071,000823,3
59609.0,,213.0,113.0,73.0,151500.0,1261.0,123.0,1468.0,35.4,23622.0,16.0,06,071,007110,2
44736.0,,312.0,184.0,139.0,196600.0,1504.0,278.0,1684.0,29.5,18263.0,44.0,06,071,000503,1
46044.0,,602.0,79.0,426.0,236600.0,1033.0,657.0,3655.0,26.8,13453.0,117.0,06,071,001002,2
34331.0,,295.0,143.0,242.0,150400.0,1104.0,626.0,2057.0,26.5,15566.0,76.0,06,071,000825,2
81635.0,,208.0,125.0,84.0,261200.0,1629.0,43.0,2269.0,37.3,27408.0,24.0,06,071,001104,1
42266.0,,78.0,81.0,92.0,191000.0,1141.0,195.0,997.0,27.2,15361.0,11.0,06,071,000904,2
36750.0,,147.0,15.0,229.0,108900.0,1066.0,208.0,1504.0,25.1,15929.0,92.0,06,071,011900,3
40662.0,,184.0,424.0,91.0,458800.0,977.0,528.0,1767.0,60.1,50100.0,0.0,06,071,007302,1
85066.0,,245.0,478.0,57.0,280400.0,2001.0,236.0,2115.0,39.7,30176.0,13.0,06,071,007302,5
20433.0,,225.0,9.0,133.0,179200.0,860.0,422.0,1262.0,40.2,11684.0,183.0,06,071,005100,6
76667.0,,170.0,172.0,13.0,185400.0,-666666666.0,70.0,1840.0,26.6,25247.0,53.0,06,071,005100,1
36229.0,,152.0,45.0,73.0,121000.0,886.0,453.0,2756.0,21.1,8657.0,190.0,06,071,006402,1
57885.0,,207.0,204.0,47.0,225900.0,1953.0,108.0,1183.0,42.7,29937.0,0.0,06,071,008402,4
19125.0,,195.0,0.0,180.0,132900.0,563.0,391.0,1127.0,27.7,10949.0,88.0,06,071,009400,1
56250.0,,207.0,66.0,42.0,161900.0,-666666666.0,53.0,1051.0,50.5,26950.0,56.0,06,071,009708,3
71597.0,,506.0,275.0,198.0,133600.0,1643.0,296.0,2573.0,33.3,24519.0,57.0,06,071,009911,2
92857.0,,441.0,731.0,152.0,338800.0,1370.0,425.0,3895.0,38.6,34883.0,27.0,06,071,002035,1
61924.0,,584.0,1060.0,502.0,238800.0,1377.0,2675.0,7406.0,29.0,26600.0,246.0,06,071,002110,1
37267.0,,310.0,77.0,85.0,40000.0,1632.0,107.0,2052.0,30.7,9686.0,120.0,06,071,001810,1
42958.0,,333.0,43.0,164.0,304000.0,1024.0,225.0,1645.0,33.4,17251.0,36.0,06,071,001101,2
91593.0,,161.0,231.0,145.0,410100.0,-666666666.0,16.0,2113.0,46.3,36948.0,0.0,06,071,002013,2
32986.0,,233.0,95.0,116.0,-666666666.0,1041.0,596.0,1544.0,26.4,17764.0,46.0,06,071,008404,2
22429.0,,119.0,24.0,78.0,153700.0,1087.0,220.0,1432.0,30.2,9461.0,150.0,06,071,007603,1
26856.0,,327.0,83.0,330.0,68000.0,981.0,279.0,1248.0,48.9,15257.0,93.0,06,071,010419,2
38185.0,,320.0,33.0,182.0,140300.0,693.0,210.0,2910.0,37.0,13706.0,87.0,06,071,006604,1
48438.0,,125.0,51.0,10.0,235100.0,1711.0,81.0,867.0,37.3,19755.0,0.0,06,071,003801,1
31031.0,,182.0,17.0,140.0,122200.0,833.0,207.0,1358.0,22.8,9565.0,93.0,06,071,004302,1
93048.0,,334.0,883.0,181.0,395100.0,2001.0,169.0,3805.0,33.9,31182.0,0.0,06,071,000116,4
58153.0,,411.0,128.0,155.0,113300.0,1285.0,294.0,2493.0,28.3,18315.0,112.0,06,071,009905,3
62059.0,,486.0,18.0,125.0,127700.0,1167.0,75.0,1847.0,50.4,25503.0,23.0,06,071,009108,3
59519.0,,949.0,139.0,180.0,143800.0,1114.0,627.0,6005.0,30.2,17473.0,353.0,06,071,009110,2
31439.0,,159.0,87.0,95.0,13300.0,901.0,863.0,2255.0,26.1,15786.0,109.0,06,071,009904,1
30341.0,,196.0,37.0,96.0,108300.0,590.0,119.0,574.0,56.7,18305.0,0.0,06,071,009117,2
33894.0,,156.0,25.0,36.0,68300.0,683.0,82.0,668.0,46.9,21144.0,32.0,06,071,025100,1
37571.0,,362.0,21.0,152.0,120100.0,1054.0,231.0,2059.0,20.8,8935.0,87.0,06,071,012500,1
39938.0,,210.0,14.0,69.0,123300.0,1024.0,122.0,1200.0,26.6,12460.0,55.0,06,071,012400,3
58537.0,,470.0,97.0,205.0,235600.0,1200.0,313.0,3020.0,28.5,12725.0,182.0,06,071,001308,2
53823.0,,246.0,29.0,69.0,288200.0,642.0,95.0,1357.0,43.5,18722.0,56.0,06,071,002105,2
99479.0,,823.0,645.0,34.0,395700.0,694.0,134.0,7841.0,38.3,10682.0,14.0,06,071,012200,1
85072.0,,155.0,201.0,89.0,348000.0,1583.0,57.0,1113.0,41.4,33936.0,0.0,06,071,002029,2
122658.0,,105.0,191.0,48.0,358000.0,-666666666.0,22.0,1053.0,31.0,37102.0,15.0,06,071,002029,3
37188.0,,156.0,22.0,92.0,275000.0,868.0,99.0,431.0,43.6,22268.0,19.0,06,071,011206,2
32222.0,,215.0,130.0,168.0,118200.0,1019.0,689.0,1769.0,32.0,20457.0,74.0,06,071,007109,4
32456.0,,349.0,141.0,102.0,-666666666.0,824.0,750.0,1648.0,38.5,18117.0,108.0,06,071,007303,1
36652.0,,126.0,125.0,123.0,304200.0,978.0,263.0,1040.0,35.6,16352.0,29.0,06,071,002103,1
33770.0,,291.0,131.0,82.0,294000.0,1089.0,298.0,1820.0,35.5,17417.0,9.0,06,071,002027,3
49844.0,,200.0,72.0,45.0,316200.0,1196.0,284.0,1295.0,36.1,28147.0,23.0,06,071,000901,2
76298.0,,148.0,24.0,23.0,283300.0,1156.0,204.0,1391.0,26.9,24397.0,49.0,06,071,008601,2
48457.0,,130.0,13.0,39.0,189300.0,1057.0,183.0,1053.0,34.2,18114.0,0.0,06,071,008601,1
70521.0,,118.0,50.0,179.0,307600.0,1604.0,38.0,1244.0,26.6,14457.0,21.0,06,071,001809,1
59650.0,,101.0,37.0,68.0,179400.0,1288.0,90.0,946.0,41.6,21865.0,0.0,06,071,007604,1
22250.0,,393.0,15.0,180.0,206700.0,799.0,178.0,1393.0,30.0,10002.0,86.0,06,071,006601,3
59489.0,,369.0,90.0,185.0,193800.0,1500.0,54.0,2371.0,28.9,17297.0,119.0,06,071,002307,1
42083.0,,410.0,67.0,192.0,222600.0,1202.0,472.0,3077.0,29.0,16017.0,140.0,06,071,002606,2
89307.0,,156.0,234.0,176.0,228000.0,-666666666.0,28.0,1921.0,33.6,31427.0,0.0,06,071,002607,1
54213.0,,295.0,90.0,166.0,183000.0,1394.0,424.0,1873.0,27.0,19589.0,59.0,06,071,002207,1
95000.0,,311.0,136.0,145.0,262500.0,-666666666.0,19.0,1289.0,47.0,25624.0,19.0,06,071,002704,3
41706.0,,414.0,72.0,372.0,116600.0,1047.0,224.0,2670.0,29.5,12131.0,59.0,06,071,004104,2
72431.0,,303.0,123.0,148.0,220100.0,1246.0,134.0,1938.0,32.5,20696.0,46.0,06,071,002706,2
141436.0,,620.0,1133.0,347.0,587900.0,2001.0,151.0,7559.0,36.6,48307.0,28.0,06,071,002022,2
56741.0,,131.0,71.0,136.0,215100.0,-666666666.0,21.0,1281.0,35.4,19049.0,31.0,06,071,009119,2
58045.0,,253.0,42.0,79.0,201000.0,896.0,175.0,1238.0,49.7,22070.0,65.0,06,071,009109,2
93750.0,,96.0,296.0,75.0,523600.0,2001.0,77.0,1376.0,44.4,38916.0,0.0,06,071,000814,2
49545.0,,303.0,40.0,104.0,166400.0,1307.0,109.0,2826.0,31.7,15591.0,58.0,06,071,003301,1
52900.0,,178.0,15.0,138.0,174600.0,1500.0,62.0,1154.0,29.4,14920.0,44.0,06,071,002803,3
-666666666.0,,578.0,146.0,75.0,-666666666.0,-666666666.0,0.0,3004.0,45.2,9420.0,0.0,06,071,012300,1
25625.0,,250.0,41.0,56.0,9999.0,726.0,267.0,1308.0,31.8,8356.0,90.0,06,071,005701,2
49778.0,,655.0,679.0,264.0,-666666666.0,1195.0,2279.0,9051.0,22.7,19066.0,160.0,06,071,025000,1
78393.0,,175.0,123.0,89.0,230200.0,1192.0,117.0,1180.0,49.8,33910.0,13.0,06,071,011101,2
46818.0,,96.0,102.0,10.0,354900.0,974.0,102.0,750.0,55.9,29228.0,0.0,06,071,011203,1
32308.0,,260.0,40.0,108.0,178800.0,1002.0,179.0,958.0,47.3,17257.0,0.0,06,071,011403,2
52308.0,,154.0,251.0,102.0,245800.0,1668.0,149.0,2433.0,34.1,25716.0,14.0,06,071,010901,3
26806.0,,138.0,98.0,121.0,128400.0,748.0,447.0,2298.0,24.5,12974.0,99.0,06,071,009116,4
75481.0,,251.0,66.0,73.0,156400.0,1114.0,42.0,1346.0,33.9,16202.0,39.0,06,071,008001,1
114643.0,,62.0,303.0,35.0,426500.0,2001.0,50.0,1199.0,54.2,61721.0,17.0,06,071,008302,3
41154.0,,231.0,14.0,59.0,187500.0,684.0,62.0,903.0,39.0,17926.0,20.0,06,071,002705,1
98125.0,,312.0,66.0,92.0,237200.0,1929.0,72.0,1977.0,27.7,22534.0,8.0,06,071,002705,2
59113.0,,263.0,117.0,273.0,238800.0,1733.0,171.0,2026.0,26.5,19081.0,38.0,06,071,002703,3
22273.0,,212.0,18.0,13.0,84800.0,525.0,42.0,729.0,63.6,24360.0,26.0,06,071,940100,2
40536.0,,160.0,0.0,56.0,124000.0,996.0,322.0,1593.0,25.2,9778.0,112.0,06,071,003101,3
30500.0,,414.0,70.0,353.0,30000.0,1094.0,482.0,2654.0,25.8,10755.0,231.0,06,071,003404,1
77125.0,,48.0,50.0,43.0,169000.0,-666666666.0,20.0,585.0,43.4,23145.0,7.0,06,071,003609,1
99397.0,,242.0,214.0,50.0,267300.0,1137.0,90.0,1717.0,36.9,32738.0,0.0,06,071,009201,3
39545.0,,149.0,75.0,38.0,176500.0,1153.0,133.0,857.0,27.4,20287.0,23.0,06,071,011102,2
50625.0,,23.0,89.0,4.0,176100.0,526.0,95.0,484.0,30.9,22370.0,42.0,06,071,011001,1
51191.0,,573.0,249.0,154.0,227500.0,1641.0,283.0,3181.0,32.4,18152.0,106.0,06,071,001312,2
113214.0,,528.0,1535.0,264.0,476500.0,2001.0,209.0,5875.0,37.1,33204.0,17.0,06,071,000115,2
115875.0,,302.0,359.0,140.0,498800.0,-666666666.0,16.0,2531.0,36.4,32299.0,31.0,06,071,000113,1
51250.0,,248.0,85.0,110.0,223700.0,1795.0,207.0,1687.0,31.4,15635.0,77.0,06,071,000113,2
66781.0,,545.0,243.0,76.0,195900.0,1422.0,318.0,3140.0,39.6,23195.0,139.0,06,071,011600,2
78750.0,,273.0,470.0,158.0,441700.0,1697.0,297.0,2348.0,33.9,31580.0,18.0,06,071,000108,3
37262.0,,109.0,38.0,115.0,86900.0,1248.0,143.0,1439.0,23.6,10376.0,95.0,06,071,006301,2
28750.0,,261.0,19.0,158.0,41800.0,839.0,277.0,2451.0,26.1,9336.0,233.0,06,071,006401,2
55132.0,,134.0,112.0,58.0,246700.0,1772.0,85.0,1335.0,30.0,17532.0,0.0,06,071,002206,2
150313.0,,85.0,188.0,24.0,443900.0,-666666666.0,0.0,927.0,46.9,56084.0,11.0,06,071,000817,1
53015.0,,177.0,52.0,80.0,163300.0,1094.0,153.0,1493.0,29.0,15661.0,80.0,06,071,004509,2
51667.0,,254.0,129.0,51.0,162000.0,1200.0,158.0,1447.0,36.0,26974.0,46.0,06,071,010804,2
94730.0,,258.0,234.0,158.0,350900.0,1868.0,64.0,1787.0,38.8,32226.0,26.0,06,071,000501,3
61600.0,,243.0,18.0,154.0,236600.0,1308.0,221.0,1401.0,32.7,18561.0,11.0,06,071,000604,2
89821.0,,234.0,141.0,46.0,274100.0,2001.0,118.0,1794.0,35.7,31663.0,0.0,06,071,007904,2
56615.0,,309.0,108.0,65.0,163500.0,1196.0,246.0,2387.0,27.1,14143.0,110.0,06,071,007409,1
51484.0,,181.0,146.0,28.0,321600.0,975.0,101.0,777.0,37.1,18483.0,20.0,06,071,007410,1
46382.0,,242.0,99.0,263.0,106400.0,1283.0,94.0,2989.0,25.8,13271.0,62.0,06,071,004004,1
51875.0,,215.0,31.0,52.0,48800.0,535.0,124.0,993.0,49.7,31351.0,25.0,06,071,008901,3
47375.0,,172.0,35.0,56.0,217500.0,-666666666.0,14.0,899.0,26.8,13015.0,16.0,06,071,003606,2
29417.0,,282.0,34.0,99.0,32000.0,898.0,127.0,1325.0,31.2,13151.0,14.0,06,071,003302,1
47379.0,,170.0,19.0,137.0,198600.0,1167.0,56.0,1013.0,34.7,16189.0,65.0,06,071,003302,2
91477.0,,105.0,356.0,43.0,336000.0,1740.0,162.0,1257.0,39.9,38850.0,25.0,06,071,000117,3
107143.0,,62.0,154.0,53.0,575700.0,2001.0,76.0,898.0,43.2,38837.0,0.0,06,071,000117,4
33167.0,,100.0,19.0,66.0,278400.0,-666666666.0,60.0,800.0,45.2,17986.0,38.0,06,071,000504,1
95568.0,,191.0,471.0,114.0,596100.0,-666666666.0,9.0,2513.0,41.1,42082.0,39.0,06,071,000118,1
49632.0,,44.0,0.0,75.0,-666666666.0,1661.0,99.0,617.0,19.3,13693.0,9.0,06,071,001706,2
112708.0,,291.0,370.0,97.0,284400.0,2001.0,81.0,3461.0,30.9,32997.0,34.0,06,071,008706,3
75395.0,,293.0,293.0,292.0,112900.0,945.0,32.0,1810.0,46.9,24606.0,44.0,06,071,008706,1
48092.0,,405.0,85.0,175.0,116600.0,1159.0,131.0,1962.0,39.0,18471.0,58.0,06,071,009709,3
22077.0,,236.0,105.0,25.0,78800.0,825.0,136.0,959.0,54.9,15428.0,57.0,06,071,009712,3
23182.0,,114.0,22.0,64.0,37500.0,721.0,145.0,718.0,38.8,15061.0,45.0,06,071,008901,1
55203.0,,322.0,13.0,59.0,167500.0,833.0,98.0,1592.0,43.8,21482.0,51.0,06,071,010021,2
54967.0,,382.0,6.0,306.0,277200.0,962.0,327.0,3093.0,30.6,14484.0,30.0,06,071,002601,1
26392.0,,307.0,45.0,56.0,116700.0,768.0,199.0,1794.0,26.6,8658.0,141.0,06,071,007200,2
54161.0,,615.0,276.0,413.0,223500.0,1074.0,556.0,4339.0,27.7,20993.0,84.0,06,071,004504,3
39762.0,,173.0,21.0,131.0,120800.0,990.0,174.0,1345.0,23.9,12972.0,36.0,06,071,005300,4
45625.0,,215.0,19.0,53.0,88800.0,1000.0,168.0,1263.0,25.5,10344.0,96.0,06,071,005400,2
52750.0,,78.0,56.0,62.0,247000.0,927.0,212.0,716.0,45.3,35650.0,31.0,06,071,008100,1
63469.0,,236.0,106.0,121.0,209400.0,974.0,183.0,1330.0,30.0,25857.0,65.0,06,071,008800,1
17094.0,,283.0,22.0,29.0,57100.0,657.0,333.0,1356.0,22.8,8150.0,213.0,06,071,009800,1
36481.0,,177.0,55.0,71.0,106300.0,753.0,132.0,1226.0,30.4,12637.0,82.0,06,071,009800,3
30417.0,,155.0,22.0,92.0,82300.0,905.0,322.0,1643.0,24.8,9985.0,161.0,06,071,005400,3
22250.0,,93.0,40.0,138.0,96600.0,714.0,357.0,1463.0,25.2,10283.0,168.0,06,071,005500,2
17688.0,,182.0,0.0,212.0,132900.0,778.0,444.0,1842.0,22.8,9658.0,233.0,06,071,005500,4
26635.0,,173.0,30.0,125.0,83800.0,1040.0,207.0,1801.0,23.7,9086.0,106.0,06,071,004202,2
65682.0,,211.0,122.0,180.0,146400.0,1517.0,83.0,1780.0,31.0,17925.0,84.0,06,071,004401,3
28300.0,,195.0,10.0,145.0,149300.0,851.0,295.0,1527.0,29.9,11247.0,164.0,06,071,006302,4
98636.0,,117.0,142.0,34.0,370300.0,1077.0,44.0,1252.0,36.1,33935.0,21.0,06,071,000109,3
127750.0,,80.0,202.0,38.0,524200.0,-666666666.0,15.0,1009.0,49.4,72883.0,10.0,06,071,000804,1
57169.0,,396.0,103.0,98.0,250000.0,1342.0,329.0,2098.0,28.5,18716.0,74.0,06,071,001702,1
25553.0,,113.0,57.0,127.0,273600.0,763.0,327.0,989.0,45.5,19740.0,22.0,06,071,001400,1
44750.0,,70.0,132.0,40.0,225000.0,836.0,161.0,1165.0,42.7,29827.0,18.0,06,071,011500,2
53165.0,,340.0,177.0,279.0,172600.0,1162.0,349.0,2937.0,28.5,16306.0,129.0,06,071,002602,3
34196.0,,298.0,22.0,210.0,189900.0,1040.0,416.0,2119.0,24.2,11900.0,130.0,06,071,002901,2
41250.0,,230.0,38.0,90.0,164400.0,943.0,282.0,1499.0,21.1,10003.0,92.0,06,071,002902,5
59821.0,,267.0,44.0,103.0,169300.0,1132.0,100.0,1581.0,28.6,16913.0,35.0,06,071,002902,3
64545.0,,222.0,345.0,16.0,335200.0,1641.0,253.0,1778.0,47.0,43049.0,15.0,06,071,008200,2
47500.0,,183.0,11.0,88.0,110400.0,876.0,128.0,1167.0,31.2,14515.0,27.0,06,071,009710,3
57256.0,,111.0,119.0,50.0,220700.0,1308.0,71.0,728.0,57.7,38822.0,14.0,06,071,010412,2
26544.0,,135.0,35.0,79.0,161800.0,833.0,122.0,888.0,31.7,12172.0,86.0,06,071,007407,3
63319.0,,396.0,76.0,143.0,121600.0,895.0,437.0,2120.0,36.7,26145.0,10.0,06,071,010415,2
76806.0,,241.0,116.0,116.0,237500.0,1540.0,81.0,1481.0,35.2,24606.0,0.0,06,071,001200,1
29524.0,,298.0,36.0,135.0,95500.0,437.0,200.0,1775.0,32.0,15336.0,124.0,06,071,010700,3
43015.0,,162.0,37.0,198.0,154600.0,1219.0,202.0,1680.0,32.6,12830.0,90.0,06,071,010019,1
96331.0,,589.0,301.0,170.0,268400.0,-666666666.0,41.0,3668.0,42.0,30564.0,9.0,06,071,009711,2
62768.0,,115.0,39.0,71.0,153000.0,1250.0,76.0,1259.0,42.5,18547.0,70.0,06,071,009714,2
31469.0,,152.0,57.0,78.0,217800.0,1304.0,163.0,1139.0,30.7,10799.0,95.0,06,071,001600,1
73182.0,,492.0,361.0,278.0,321700.0,1744.0,193.0,2560.0,37.1,24610.0,27.0,06,071,000603,1
35455.0,,136.0,0.0,10.0,124000.0,665.0,156.0,848.0,24.6,17434.0,95.0,06,071,012002,3
60893.0,,174.0,111.0,68.0,193500.0,-666666666.0,63.0,1162.0,31.7,16297.0,17.0,06,071,002602,2
26250.0,,254.0,12.0,197.0,99600.0,1006.0,316.0,2331.0,21.7,10951.0,214.0,06,071,009710,2
42474.0,,477.0,92.0,430.0,116600.0,1188.0,243.0,3226.0,26.6,11505.0,148.0,06,071,003803,2
107467.0,,159.0,472.0,91.0,353800.0,2001.0,92.0,1786.0,38.6,36133.0,10.0,06,071,002021,2
37125.0,,415.0,44.0,182.0,96000.0,1303.0,179.0,1649.0,29.2,11561.0,79.0,06,071,004604,1
105438.0,,364.0,405.0,90.0,438800.0,2001.0,81.0,2963.0,41.7,33884.0,48.0,06,071,002014,2
94583.0,,720.0,482.0,468.0,272800.0,2001.0,261.0,4999.0,36.1,31411.0,110.0,06,071,002305,1
22443.0,,278.0,48.0,62.0,27900.0,835.0,257.0,1155.0,53.1,15643.0,63.0,06,071,010413,3
40893.0,,332.0,32.0,228.0,143100.0,714.0,232.0,3176.0,23.2,9388.0,184.0,06,071,004101,2
19956.0,,127.0,16.0,28.0,162500.0,772.0,538.0,1471.0,34.3,10405.0,160.0,06,071,003301,3
60859.0,,0.0,106.0,0.0,183500.0,-666666666.0,39.0,814.0,42.5,34471.0,0.0,06,071,011101,1
67039.0,,318.0,264.0,244.0,184900.0,1509.0,79.0,3193.0,30.5,14011.0,88.0,06,071,003605,2
58750.0,,69.0,14.0,74.0,161600.0,-666666666.0,50.0,874.0,41.2,16628.0,53.0,06,071,010300,4
67342.0,,348.0,481.0,79.0,147200.0,1463.0,691.0,2859.0,30.7,29191.0,0.0,06,071,002019,2
42167.0,,181.0,251.0,194.0,187800.0,988.0,270.0,1278.0,38.2,22948.0,74.0,06,071,004510,3
62819.0,,287.0,41.0,58.0,134700.0,1352.0,180.0,1324.0,25.8,17020.0,38.0,06,071,009711,3
52614.0,,356.0,188.0,127.0,150700.0,665.0,356.0,2329.0,38.6,20546.0,52.0,06,071,010015,2
46250.0,,150.0,25.0,74.0,258500.0,1101.0,185.0,1069.0,26.9,14316.0,49.0,06,071,000201,1
100455.0,,170.0,136.0,18.0,368200.0,1097.0,25.0,758.0,54.4,41313.0,11.0,06,071,000812,3
44107.0,,397.0,16.0,159.0,21700.0,977.0,215.0,1946.0,33.9,13087.0,36.0,06,071,003612,2
125694.0,,124.0,303.0,109.0,667300.0,-666666666.0,13.0,1720.0,47.2,52020.0,0.0,06,071,000820,1
82229.0,,116.0,191.0,39.0,407300.0,2001.0,217.0,1548.0,43.9,39714.0,40.0,06,071,000819,3
98977.0,,376.0,1582.0,512.0,359500.0,1380.0,541.0,6697.0,30.8,32575.0,91.0,06,071,001903,1
120925.0,,594.0,456.0,223.0,302300.0,2001.0,236.0,4714.0,28.3,30434.0,12.0,06,071,002304,3
69536.0,,176.0,235.0,62.0,237400.0,1676.0,88.0,2649.0,26.9,18295.0,8.0,06,071,002305,4
89451.0,,174.0,71.0,71.0,269600.0,1760.0,27.0,908.0,33.6,21368.0,1.0,06,071,002037,1
48221.0,,215.0,83.0,197.0,284100.0,1014.0,150.0,1449.0,28.1,16132.0,39.0,06,071,002107,1
74297.0,,124.0,207.0,212.0,263200.0,1732.0,100.0,1819.0,33.7,18713.0,22.0,06,071,001307,2
48068.0,,170.0,470.0,69.0,178400.0,1164.0,703.0,1694.0,31.5,30497.0,0.0,06,071,007800,2
10972.0,,161.0,0.0,116.0,-666666666.0,876.0,288.0,1081.0,21.3,5030.0,168.0,06,071,007407,1
40213.0,,208.0,239.0,146.0,49300.0,966.0,954.0,2687.0,27.6,18378.0,178.0,06,071,008100,2
34050.0,,231.0,25.0,122.0,124200.0,1676.0,160.0,1640.0,28.4,12938.0,61.0,06,071,004202,3
58611.0,,93.0,161.0,20.0,366100.0,852.0,99.0,925.0,37.1,27966.0,0.0,06,071,008302,2
48261.0,,71.0,169.0,82.0,113400.0,1229.0,403.0,1698.0,40.1,32258.0,18.0,06,071,000113,4
115909.0,,174.0,172.0,69.0,485100.0,-666666666.0,35.0,1438.0,42.0,39429.0,0.0,06,071,000815,1
58309.0,,128.0,71.0,43.0,144100.0,775.0,203.0,1100.0,40.2,29152.0,16.0,06,071,010422,2
76078.0,,451.0,213.0,153.0,168500.0,1478.0,268.0,1788.0,39.3,24564.0,22.0,06,071,004509,1
26004.0,,429.0,49.0,223.0,162900.0,1441.0,304.0,2382.0,25.4,8094.0,213.0,06,071,009905,2
89097.0,,246.0,53.0,166.0,205700.0,2001.0,80.0,1703.0,31.0,26701.0,0.0,06,071,004509,3
52778.0,,285.0,57.0,317.0,206100.0,1422.0,207.0,3195.0,27.3,12716.0,70.0,06,071,004001,1
34360.0,,165.0,18.0,208.0,157100.0,927.0,389.0,2229.0,21.4,8689.0,175.0,06,071,002804,1
51250.0,,171.0,29.0,63.0,134900.0,1096.0,223.0,1562.0,25.7,13789.0,95.0,06,071,002501,3
68500.0,,495.0,224.0,127.0,320400.0,1727.0,99.0,2209.0,36.9,23121.0,0.0,06,071,000304,2
49800.0,,208.0,107.0,112.0,215800.0,1071.0,118.0,1765.0,28.2,11963.0,77.0,06,071,002401,2
20551.0,,201.0,80.0,87.0,121400.0,742.0,497.0,1458.0,29.6,11620.0,82.0,06,071,003000,2
47042.0,,108.0,96.0,45.0,85600.0,742.0,67.0,1102.0,49.0,22979.0,11.0,06,071,011900,1
55550.0,,530.0,196.0,169.0,206300.0,1500.0,350.0,2671.0,35.1,24683.0,57.0,06,071,009707,2
112500.0,,112.0,106.0,37.0,269000.0,-666666666.0,9.0,934.0,46.5,45284.0,0.0,06,071,007104,2
49781.0,,181.0,62.0,98.0,212100.0,1531.0,104.0,857.0,46.6,25884.0,42.0,06,071,008708,1
39191.0,,477.0,89.0,275.0,92100.0,1110.0,319.0,3079.0,30.0,14663.0,85.0,06,071,009709,1
60729.0,,475.0,53.0,101.0,142300.0,1362.0,141.0,1926.0,26.5,15180.0,63.0,06,071,006100,5
23576.0,,290.0,82.0,116.0,368600.0,1043.0,343.0,1471.0,35.3,14192.0,60.0,06,071,011401,2
53486.0,,360.0,76.0,189.0,120400.0,1724.0,97.0,2106.0,30.3,11532.0,121.0,06,071,004301,3
67675.0,,335.0,89.0,101.0,270300.0,2001.0,90.0,1554.0,32.9,18361.0,0.0,06,071,001707,2
56393.0,,447.0,284.0,282.0,192700.0,-666666666.0,14.0,2787.0,46.0,30840.0,23.0,06,071,002025,1
45938.0,,334.0,22.0,235.0,242900.0,1339.0,113.0,1205.0,42.4,12190.0,25.0,06,071,001002,1
56949.0,,228.0,375.0,115.0,155600.0,986.0,228.0,1921.0,44.7,27861.0,39.0,06,071,010419,1
27321.0,,171.0,38.0,61.0,217900.0,1059.0,188.0,1177.0,30.5,9033.0,75.0,06,071,001503,1
56838.0,,254.0,35.0,164.0,71100.0,848.0,62.0,1713.0,26.8,15972.0,42.0,06,071,001305,1
60139.0,,227.0,68.0,152.0,292700.0,2001.0,77.0,1117.0,53.5,31636.0,0.0,06,071,001103,2
62286.0,,338.0,98.0,240.0,192600.0,1332.0,75.0,1899.0,32.1,18391.0,62.0,06,071,001310,2
52599.0,,497.0,49.0,56.0,227600.0,810.0,194.0,1654.0,43.0,19527.0,0.0,06,071,001310,1
124631.0,,94.0,511.0,139.0,371600.0,2001.0,117.0,2625.0,38.3,43235.0,0.0,06,071,002031,2
46274.0,,151.0,55.0,72.0,160200.0,1143.0,469.0,1596.0,26.2,18333.0,66.0,06,071,007800,3
41912.0,,228.0,4.0,45.0,143200.0,936.0,279.0,1982.0,26.1,11404.0,77.0,06,071,005300,1
112762.0,,294.0,293.0,62.0,426300.0,-666666666.0,15.0,1694.0,42.1,42939.0,12.0,06,071,000816,3
108675.0,,444.0,321.0,260.0,536100.0,-666666666.0,48.0,3313.0,43.8,38829.0,45.0,06,071,002017,2
36523.0,,91.0,33.0,34.0,110300.0,914.0,98.0,702.0,54.6,23043.0,16.0,06,071,010417,2
23458.0,,418.0,10.0,171.0,102000.0,777.0,538.0,2098.0,22.1,9973.0,251.0,06,071,009912,1
42646.0,,356.0,24.0,291.0,157200.0,1370.0,200.0,2008.0,33.4,10888.0,55.0,06,071,001813,1
30750.0,,44.0,12.0,10.0,440000.0,-666666666.0,6.0,102.0,56.4,23192.0,0.0,06,071,011204,1
38750.0,,168.0,9.0,72.0,212700.0,926.0,242.0,981.0,39.1,19786.0,10.0,06,071,011401,4
21833.0,,80.0,15.0,49.0,168300.0,665.0,178.0,422.0,39.3,18557.0,12.0,06,071,011205,1
45087.0,,162.0,63.0,7.0,243600.0,-666666666.0,16.0,646.0,53.8,23822.0,27.0,06,071,010803,4
35913.0,,202.0,211.0,137.0,112700.0,742.0,563.0,2203.0,25.8,18069.0,62.0,06,071,010421,1
